_id;dateTime;type;sessionId;sessionDesc;sessionCond;isUndo
KpFkEiLwQgpzYf8nE;1491316189457;teacher begin talking;gHzWHZkDEzuw7gr7s;Tuesday_10:30_4/4/17;2;false
tn6YRJQzNx7RMHd8J;1491316212429;Students present;gHzWHZkDEzuw7gr7s;Tuesday_10:30_4/4/17;2;false
4PyBhEjKaukndmDSw;1491316212750;Students present;gHzWHZkDEzuw7gr7s;Tuesday_10:30_4/4/17;2;false
F322GipXuBchmER9L;1491316213098;Students present;gHzWHZkDEzuw7gr7s;Tuesday_10:30_4/4/17;2;false
JdsHi8pnE9945M6cJ;1491316213429;Students present;gHzWHZkDEzuw7gr7s;Tuesday_10:30_4/4/17;2;false
nWR5q7ek9iPxE8wjE;1491316213751;Students present;gHzWHZkDEzuw7gr7s;Tuesday_10:30_4/4/17;2;false
Wbr5WKpWid82pFzTA;1491316214053;Students present;gHzWHZkDEzuw7gr7s;Tuesday_10:30_4/4/17;2;false
eoPazZwMNaSf4oXrP;1491316214367;Students present;gHzWHZkDEzuw7gr7s;Tuesday_10:30_4/4/17;2;false
gptgeiTyM4fkpdqav;1491316214700;Students present;gHzWHZkDEzuw7gr7s;Tuesday_10:30_4/4/17;2;false
gRxGpqPm97M9DErHm;1491316215184;Students present;gHzWHZkDEzuw7gr7s;Tuesday_10:30_4/4/17;2;false
kv6ww8fGh8kGRqYxu;1491316215700;Students present;gHzWHZkDEzuw7gr7s;Tuesday_10:30_4/4/17;2;false
nYe3r9svyKzhdbfLL;1491316216201;Students present;gHzWHZkDEzuw7gr7s;Tuesday_10:30_4/4/17;2;false
LG44qc2j6wBDWabjt;1491316216701;Students present;gHzWHZkDEzuw7gr7s;Tuesday_10:30_4/4/17;2;false
8ivNb3iJibHq5LduS;1491316217217;Students present;gHzWHZkDEzuw7gr7s;Tuesday_10:30_4/4/17;2;false
JHykwAyp9Ks83dQD5;1491316217864;Students present;gHzWHZkDEzuw7gr7s;Tuesday_10:30_4/4/17;2;false
FEoFcjunpNm39Ed7W;1491316218482;Students present;gHzWHZkDEzuw7gr7s;Tuesday_10:30_4/4/17;2;false
fDPBZ3QBE5BGDZJoH;1491316219085;Students present;gHzWHZkDEzuw7gr7s;Tuesday_10:30_4/4/17;2;false
J9QK3oKPyW8S3hdPe;1491316219719;Students present;gHzWHZkDEzuw7gr7s;Tuesday_10:30_4/4/17;2;false
6kmDgCDcZmmoB32Ep;1491316232000;Students present;gHzWHZkDEzuw7gr7s;Tuesday_10:30_4/4/17;2;false
EaDS7ZKAxeQRtp3v3;1491316234783;Students present;gHzWHZkDEzuw7gr7s;Tuesday_10:30_4/4/17;2;true
6fmAQiDfDgidr9Ha5;1491316235504;Students present;gHzWHZkDEzuw7gr7s;Tuesday_10:30_4/4/17;2;true
EDAJiaiztTEuJPpcd;1491316248099;Students present;gHzWHZkDEzuw7gr7s;Tuesday_10:30_4/4/17;2;false
FDwdKNwYh7mSbH2Nz;1491316272787;teacher end talking;gHzWHZkDEzuw7gr7s;Tuesday_10:30_4/4/17;2;false
cWPyvG3ymStNkaPwL;1491316273054;student begin talking;gHzWHZkDEzuw7gr7s;Tuesday_10:30_4/4/17;2;false
SxmkMEibbzHvQ2hXY;1491316274387;teacher begin talking;gHzWHZkDEzuw7gr7s;Tuesday_10:30_4/4/17;2;false
dAMawSX2ssLYeNKDe;1491316274637;student end talking;gHzWHZkDEzuw7gr7s;Tuesday_10:30_4/4/17;2;false
Tce5WK7LmAcKrPhP4;1491316277307;teacher end talking;gHzWHZkDEzuw7gr7s;Tuesday_10:30_4/4/17;2;false
uDjSjrhBjACQhkhXR;1491316277961;teacher begin talking;gHzWHZkDEzuw7gr7s;Tuesday_10:30_4/4/17;2;false
WtpM89g7dWKQ6eMW5;1491316287339;Students present;gHzWHZkDEzuw7gr7s;Tuesday_10:30_4/4/17;2;false
i4KT5sHRZWvujEhGv;1491316287869;teacher end talking;gHzWHZkDEzuw7gr7s;Tuesday_10:30_4/4/17;2;false
JxxidqepxutPmcEzG;1491316288111;student begin talking;gHzWHZkDEzuw7gr7s;Tuesday_10:30_4/4/17;2;false
rypePZQArEtAjcgSt;1491316288970;student end talking;gHzWHZkDEzuw7gr7s;Tuesday_10:30_4/4/17;2;false
ZMXvnnfLjyK3kqhrd;1491316289212;teacher begin talking;gHzWHZkDEzuw7gr7s;Tuesday_10:30_4/4/17;2;false
BcFHzTHRcD3SCEwHA;1491316289216;teacher end talking;gHzWHZkDEzuw7gr7s;Tuesday_10:30_4/4/17;2;false
xmMeNoY3dGpiQbT4X;1491316291734;student begin talking;gHzWHZkDEzuw7gr7s;Tuesday_10:30_4/4/17;2;false
LvZWzkp4RhuTQ9bmj;1491316292968;First time student talks;gHzWHZkDEzuw7gr7s;Tuesday_10:30_4/4/17;2;false
9rcna5B35738Yqb7j;1491316295175;First time student talks;gHzWHZkDEzuw7gr7s;Tuesday_10:30_4/4/17;2;false
xfS4XiYebo9hJTsv5;1491316295428;student end talking;gHzWHZkDEzuw7gr7s;Tuesday_10:30_4/4/17;2;false
p7AowMEF2zTHTemcz;1491316295768;teacher begin talking;gHzWHZkDEzuw7gr7s;Tuesday_10:30_4/4/17;2;false
FKonXXqPR4giK3nNb;1491316296507;student begin talking;gHzWHZkDEzuw7gr7s;Tuesday_10:30_4/4/17;2;false
oWhfXRpbyx85zvEHx;1491316296756;teacher end talking;gHzWHZkDEzuw7gr7s;Tuesday_10:30_4/4/17;2;false
WMwxp7kMnkjrQBodS;1491316297455;teacher begin talking;gHzWHZkDEzuw7gr7s;Tuesday_10:30_4/4/17;2;false
hRqrtSd2idcgWNSSj;1491316297702;student end talking;gHzWHZkDEzuw7gr7s;Tuesday_10:30_4/4/17;2;false
thCQCqchoTge6LrYB;1491316302746;teacher end talking;gHzWHZkDEzuw7gr7s;Tuesday_10:30_4/4/17;2;false
Kj5pqP3dN2xd2vQtW;1491316302996;teacher begin talking;gHzWHZkDEzuw7gr7s;Tuesday_10:30_4/4/17;2;false
eco8D5NGdrBBQJ6Q8;1491316303236;teacher end talking;gHzWHZkDEzuw7gr7s;Tuesday_10:30_4/4/17;2;false
JAvaGqxqgbRGAtr9D;1491316303240;teacher begin talking;gHzWHZkDEzuw7gr7s;Tuesday_10:30_4/4/17;2;false
EBri94CLHPdtRfvqF;1491316311964;Students present;gHzWHZkDEzuw7gr7s;Tuesday_10:30_4/4/17;2;false
sRu2sPjX4eoizHRWZ;1491316314376;teacher end talking;gHzWHZkDEzuw7gr7s;Tuesday_10:30_4/4/17;2;false
P7aa7sdMJz5HQuTsT;1491316314899;student begin talking;gHzWHZkDEzuw7gr7s;Tuesday_10:30_4/4/17;2;false
jW9qL7ZsHkQAXiTGQ;1491316318867;teacher begin talking;gHzWHZkDEzuw7gr7s;Tuesday_10:30_4/4/17;2;false
r2cWbbqPAdqPpkgge;1491316319105;teacher end talking;gHzWHZkDEzuw7gr7s;Tuesday_10:30_4/4/17;2;false
JTctKboconubBxYS4;1491316319605;teacher begin talking;gHzWHZkDEzuw7gr7s;Tuesday_10:30_4/4/17;2;false
8guThiEY2CffHt9gu;1491316319833;student end talking;gHzWHZkDEzuw7gr7s;Tuesday_10:30_4/4/17;2;false
7XXE6CEk7WzQTHeBY;1491316326828;teacher end talking;gHzWHZkDEzuw7gr7s;Tuesday_10:30_4/4/17;2;false
n6mqP43kYf94csaBY;1491316327645;teacher begin talking;gHzWHZkDEzuw7gr7s;Tuesday_10:30_4/4/17;2;false
RsrzBzPGn4qDiGjkv;1491316331618;teacher end talking;gHzWHZkDEzuw7gr7s;Tuesday_10:30_4/4/17;2;false
MrKRMbw5ZsSTNbqqg;1491316335000;teacher begin talking;gHzWHZkDEzuw7gr7s;Tuesday_10:30_4/4/17;2;false
v2CNEC6K94BKbYPW7;1491316335500;teacher end talking;gHzWHZkDEzuw7gr7s;Tuesday_10:30_4/4/17;2;false
F2J3ms7RhhkXQyseZ;1491316347339;teacher begin talking;gHzWHZkDEzuw7gr7s;Tuesday_10:30_4/4/17;2;false
pgz5Gk4gvju2BL6PR;1491316355143;teacher end talking;gHzWHZkDEzuw7gr7s;Tuesday_10:30_4/4/17;2;false
vmSub4HPER5sndjR7;1491316355384;student begin talking;gHzWHZkDEzuw7gr7s;Tuesday_10:30_4/4/17;2;false
iiLFMwLF4GXaTDpPu;1491316357820;Students present;gHzWHZkDEzuw7gr7s;Tuesday_10:30_4/4/17;2;false
8s4ceDxRfzFpQbGne;1491316358076;student end talking;gHzWHZkDEzuw7gr7s;Tuesday_10:30_4/4/17;2;false
pdaiLfjtKgpvZ7Kdq;1491316358076;teacher begin talking;gHzWHZkDEzuw7gr7s;Tuesday_10:30_4/4/17;2;false
duH3c4AgjqzQEyb4x;1491316361578;teacher end talking;gHzWHZkDEzuw7gr7s;Tuesday_10:30_4/4/17;2;false
Aa72DNbJvESeaBtSS;1491316365031;teacher begin talking;gHzWHZkDEzuw7gr7s;Tuesday_10:30_4/4/17;2;false
DyhRTh7YoSyr6pWPL;1491316365277;teacher end talking;gHzWHZkDEzuw7gr7s;Tuesday_10:30_4/4/17;2;false
3t8teJFm6GpPEdQA5;1491316366433;teacher begin talking;gHzWHZkDEzuw7gr7s;Tuesday_10:30_4/4/17;2;false
BSSLBAyBKffvSDaWa;1491316366695;student begin talking;gHzWHZkDEzuw7gr7s;Tuesday_10:30_4/4/17;2;false
S7duHm4gtXPCBJGr4;1491316366923;teacher end talking;gHzWHZkDEzuw7gr7s;Tuesday_10:30_4/4/17;2;false
b8YrjuGtqNcXqCX5k;1491316367672;teacher begin talking;gHzWHZkDEzuw7gr7s;Tuesday_10:30_4/4/17;2;false
fsMRsdMLwJw6Q9Nwn;1491316367912;student end talking;gHzWHZkDEzuw7gr7s;Tuesday_10:30_4/4/17;2;false
Tn3HouiWtAALqWjSg;1491316374962;teacher end talking;gHzWHZkDEzuw7gr7s;Tuesday_10:30_4/4/17;2;false
Y8PxgTGjennRBxagK;1491316376163;teacher begin talking;gHzWHZkDEzuw7gr7s;Tuesday_10:30_4/4/17;2;false
ahuW22oyrkFbv8fRn;1491316377649;teacher end talking;gHzWHZkDEzuw7gr7s;Tuesday_10:30_4/4/17;2;false
zwrxeg3DAWXf7HcJJ;1491316382556;teacher begin talking;gHzWHZkDEzuw7gr7s;Tuesday_10:30_4/4/17;2;false
23CbzWZtczKzQ8w5J;1491316388482;teacher end talking;gHzWHZkDEzuw7gr7s;Tuesday_10:30_4/4/17;2;false
BbNiNRgwQEeToDfbi;1491316391071;teacher begin talking;gHzWHZkDEzuw7gr7s;Tuesday_10:30_4/4/17;2;false
ub6ZccCPgCMYgnRbu;1491316417352;teacher end talking;gHzWHZkDEzuw7gr7s;Tuesday_10:30_4/4/17;2;false
Q86J9BGk8fGPHNCCM;1491316424604;teacher begin talking;gHzWHZkDEzuw7gr7s;Tuesday_10:30_4/4/17;2;false
MR72TSRMa6re2DqDQ;1491316430989;teacher end talking;gHzWHZkDEzuw7gr7s;Tuesday_10:30_4/4/17;2;false
f9JRmoLLfDvCiWZGg;1491316431311;teacher begin talking;gHzWHZkDEzuw7gr7s;Tuesday_10:30_4/4/17;2;false
6eLgeNTyAoTA9efrh;1491316435644;teacher end talking;gHzWHZkDEzuw7gr7s;Tuesday_10:30_4/4/17;2;false
y5LpHPGMATRJZ6EPc;1491316436662;teacher begin talking;gHzWHZkDEzuw7gr7s;Tuesday_10:30_4/4/17;2;false
tNSDJoxXaRD7TLQ3i;1491316456789;teacher end talking;gHzWHZkDEzuw7gr7s;Tuesday_10:30_4/4/17;2;false
9H3BYQMe3LN3nTgWB;1491316457970;teacher begin talking;gHzWHZkDEzuw7gr7s;Tuesday_10:30_4/4/17;2;false
Q2hFbwSPYzsdBXxyL;1491316488700;Meaningless TA Question;gHzWHZkDEzuw7gr7s;Tuesday_10:30_4/4/17;2;false
z3GKRWEcNWB7JKnJw;1491316489716;teacher end talking;gHzWHZkDEzuw7gr7s;Tuesday_10:30_4/4/17;2;false
KGyyMgNMzgRBwSYWj;1491316491018;student begin talking;gHzWHZkDEzuw7gr7s;Tuesday_10:30_4/4/17;2;false
hAuqd6F5ZJ8ePhv6P;1491316491315;teacher begin talking;gHzWHZkDEzuw7gr7s;Tuesday_10:30_4/4/17;2;false
dJKpoP4wWcE8frEBz;1491316491580;student end talking;gHzWHZkDEzuw7gr7s;Tuesday_10:30_4/4/17;2;false
c5qgh9zwGrwHzF2HJ;1491316494891;student begin talking;gHzWHZkDEzuw7gr7s;Tuesday_10:30_4/4/17;2;false
m52okiDCpAp5tJkYt;1491316495129;teacher end talking;gHzWHZkDEzuw7gr7s;Tuesday_10:30_4/4/17;2;false
6bsZMkYw9gHHy4j6H;1491316496225;teacher begin talking;gHzWHZkDEzuw7gr7s;Tuesday_10:30_4/4/17;2;false
H99NAAzybnvvwkN3Q;1491316496486;student end talking;gHzWHZkDEzuw7gr7s;Tuesday_10:30_4/4/17;2;false
a4DnCQEWq7o7XboBt;1491316523779;teacher end talking;gHzWHZkDEzuw7gr7s;Tuesday_10:30_4/4/17;2;false
6Ds5nXaDnDhAS3AjH;1491316524480;teacher begin talking;gHzWHZkDEzuw7gr7s;Tuesday_10:30_4/4/17;2;false
5JNoffJQqzvvbWHLG;1491316530018;teacher end talking;gHzWHZkDEzuw7gr7s;Tuesday_10:30_4/4/17;2;false
T9ahp2xfEje9wqD9C;1491316531357;teacher begin talking;gHzWHZkDEzuw7gr7s;Tuesday_10:30_4/4/17;2;false
DTQd3Ln3EHbbkgLZ5;1491316532374;teacher end talking;gHzWHZkDEzuw7gr7s;Tuesday_10:30_4/4/17;2;false
dY66NcXiqyRSsu6st;1491316533260;teacher begin talking;gHzWHZkDEzuw7gr7s;Tuesday_10:30_4/4/17;2;false
k3bwJFJyarbCdgKTS;1491316535626;teacher end talking;gHzWHZkDEzuw7gr7s;Tuesday_10:30_4/4/17;2;false
BKsjLg4jJ8n556pJH;1491316539969;teacher begin talking;gHzWHZkDEzuw7gr7s;Tuesday_10:30_4/4/17;2;false
ZqjAyAD8xZgJnQZQz;1491316540432;teacher end talking;gHzWHZkDEzuw7gr7s;Tuesday_10:30_4/4/17;2;false
825xYHDKvWR8ZkWv4;1491316544153;teacher begin talking;gHzWHZkDEzuw7gr7s;Tuesday_10:30_4/4/17;2;false
EJSZe3iwX8v2Y4DG8;1491316549064;teacher end talking;gHzWHZkDEzuw7gr7s;Tuesday_10:30_4/4/17;2;false
EJc8JDcFKXJFdDt9D;1491316550814;teacher begin talking;gHzWHZkDEzuw7gr7s;Tuesday_10:30_4/4/17;2;false
Hi4Nnex3BjswNsck3;1491316554587;teacher end talking;gHzWHZkDEzuw7gr7s;Tuesday_10:30_4/4/17;2;false
kAJvcCQDhzvpat77Q;1491316556331;teacher begin talking;gHzWHZkDEzuw7gr7s;Tuesday_10:30_4/4/17;2;false
iubqnhHQBhznua9Z5;1491316562527;teacher end talking;gHzWHZkDEzuw7gr7s;Tuesday_10:30_4/4/17;2;false
nqeEAgo4ozKjuDkun;1491316563782;teacher begin talking;gHzWHZkDEzuw7gr7s;Tuesday_10:30_4/4/17;2;false
rrxzLa8EugHbGtbTa;1491316577633;Meaningless TA Question;gHzWHZkDEzuw7gr7s;Tuesday_10:30_4/4/17;2;false
tWdApNM4BZXnpEXSJ;1491316580185;teacher end talking;gHzWHZkDEzuw7gr7s;Tuesday_10:30_4/4/17;2;false
T2vX5jqgBEsCvYNjf;1491316580435;teacher begin talking;gHzWHZkDEzuw7gr7s;Tuesday_10:30_4/4/17;2;false
cxbH2KTvNMSA8NAWg;1491316592824;teacher end talking;gHzWHZkDEzuw7gr7s;Tuesday_10:30_4/4/17;2;false
dTGMib4DDPg8oLaGC;1491316593076;student begin talking;gHzWHZkDEzuw7gr7s;Tuesday_10:30_4/4/17;2;false
KGmTouxcF2ydYCqDs;1491316595090;First time student talks;gHzWHZkDEzuw7gr7s;Tuesday_10:30_4/4/17;2;false
y6won7bs63n63ChGE;1491316598410;student end talking;gHzWHZkDEzuw7gr7s;Tuesday_10:30_4/4/17;2;false
gxaecNvnbg2paYPsr;1491316599080;teacher begin talking;gHzWHZkDEzuw7gr7s;Tuesday_10:30_4/4/17;2;false
mpaqbQ83QLAqqQagr;1491316600435;student begin talking;gHzWHZkDEzuw7gr7s;Tuesday_10:30_4/4/17;2;false
JZZuAY6XXaDCDGi3H;1491316600692;teacher end talking;gHzWHZkDEzuw7gr7s;Tuesday_10:30_4/4/17;2;false
snzcTJe4rdZeWqtyE;1491316603655;student end talking;gHzWHZkDEzuw7gr7s;Tuesday_10:30_4/4/17;2;false
ux3LCDXQtb8hB4MWh;1491316603908;teacher begin talking;gHzWHZkDEzuw7gr7s;Tuesday_10:30_4/4/17;2;false
S2uqrGsBX7cSEYNqb;1491316604403;teacher end talking;gHzWHZkDEzuw7gr7s;Tuesday_10:30_4/4/17;2;false
TS3JY3oa2ZGyXtTZD;1491316604653;student begin talking;gHzWHZkDEzuw7gr7s;Tuesday_10:30_4/4/17;2;false
TKcXR2eg5EsyDQb9L;1491316610264;teacher begin talking;gHzWHZkDEzuw7gr7s;Tuesday_10:30_4/4/17;2;false
PLW2YXdskPvsTR9Ce;1491316610508;student end talking;gHzWHZkDEzuw7gr7s;Tuesday_10:30_4/4/17;2;false
w5B2qNvTTeu84JfQz;1491316618606;teacher end talking;gHzWHZkDEzuw7gr7s;Tuesday_10:30_4/4/17;2;false
rroxRgMYt4Expyv25;1491316619839;teacher begin talking;gHzWHZkDEzuw7gr7s;Tuesday_10:30_4/4/17;2;false
9wCsEHqACdad8eWPi;1491316630094;teacher end talking;gHzWHZkDEzuw7gr7s;Tuesday_10:30_4/4/17;2;false
ur7mthK6usMjfYjYQ;1491316630351;student begin talking;gHzWHZkDEzuw7gr7s;Tuesday_10:30_4/4/17;2;false
zKpDQP5DtyKnmwvjH;1491316632444;First time student talks;gHzWHZkDEzuw7gr7s;Tuesday_10:30_4/4/17;2;false
mgkt3LLvsyacQ3ccM;1491316632750;student end talking;gHzWHZkDEzuw7gr7s;Tuesday_10:30_4/4/17;2;false
ti8YJtuNqWrxrrytM;1491316632998;teacher begin talking;gHzWHZkDEzuw7gr7s;Tuesday_10:30_4/4/17;2;false
LhB8CK4whY2dXMXqC;1491316635846;Meaningless TA Question;gHzWHZkDEzuw7gr7s;Tuesday_10:30_4/4/17;2;false
S3kk3fqLMShNh6s2h;1491316636104;teacher end talking;gHzWHZkDEzuw7gr7s;Tuesday_10:30_4/4/17;2;false
qnp7cjR6wCiaCiGiv;1491316636371;teacher begin talking;gHzWHZkDEzuw7gr7s;Tuesday_10:30_4/4/17;2;false
dCktmoZ33NBq3jvqz;1491316638362;Students present;gHzWHZkDEzuw7gr7s;Tuesday_10:30_4/4/17;2;false
yHZkYRgftZYFmuRjY;1491316653083;teacher end talking;gHzWHZkDEzuw7gr7s;Tuesday_10:30_4/4/17;2;false
TmZxk5rHmN8TqFuWp;1491316654238;teacher begin talking;gHzWHZkDEzuw7gr7s;Tuesday_10:30_4/4/17;2;false
2QJYDGqsBfpRyEZ8p;1491316658258;teacher end talking;gHzWHZkDEzuw7gr7s;Tuesday_10:30_4/4/17;2;false
yHm6zNyT93rWdrvCF;1491316660345;teacher begin talking;gHzWHZkDEzuw7gr7s;Tuesday_10:30_4/4/17;2;false
KnSQQKr6wHrJJA3or;1491316663866;teacher end talking;gHzWHZkDEzuw7gr7s;Tuesday_10:30_4/4/17;2;false
4Lro7yn5epLKdn3Yi;1491316665299;teacher begin talking;gHzWHZkDEzuw7gr7s;Tuesday_10:30_4/4/17;2;false
Ya8EHFdMatxHqw5NJ;1491316677139;teacher end talking;gHzWHZkDEzuw7gr7s;Tuesday_10:30_4/4/17;2;false
q8YsCmmCL9o2kPQ8g;1491316677456;student begin talking;gHzWHZkDEzuw7gr7s;Tuesday_10:30_4/4/17;2;false
4sKezTxTQZobetnzc;1491316678719;student end talking;gHzWHZkDEzuw7gr7s;Tuesday_10:30_4/4/17;2;false
ZYkb7L7g6zKhpDi74;1491316678981;teacher begin talking;gHzWHZkDEzuw7gr7s;Tuesday_10:30_4/4/17;2;false
4wi6pp3Q7jGcMwdxa;1491316683078;student begin talking;gHzWHZkDEzuw7gr7s;Tuesday_10:30_4/4/17;2;false
GYdRizM5JM6wx23ui;1491316683345;teacher end talking;gHzWHZkDEzuw7gr7s;Tuesday_10:30_4/4/17;2;false
MRCowAz4uCmRspbKX;1491316683794;teacher begin talking;gHzWHZkDEzuw7gr7s;Tuesday_10:30_4/4/17;2;false
QatgE75F8ZoxmAbA8;1491316684056;teacher end talking;gHzWHZkDEzuw7gr7s;Tuesday_10:30_4/4/17;2;false
jjZwNERxiMjk3akc8;1491316684316;teacher begin talking;gHzWHZkDEzuw7gr7s;Tuesday_10:30_4/4/17;2;false
NQpNPirTifACDpWqB;1491316684320;student end talking;gHzWHZkDEzuw7gr7s;Tuesday_10:30_4/4/17;2;false
5Ht3BiGAucq8ekD6f;1491316691503;teacher end talking;gHzWHZkDEzuw7gr7s;Tuesday_10:30_4/4/17;2;false
ftGCx6i2gpfeyXkiB;1491316695476;teacher begin talking;gHzWHZkDEzuw7gr7s;Tuesday_10:30_4/4/17;2;false
z7zKWHA94NN8NQ68b;1491316701767;teacher end talking;gHzWHZkDEzuw7gr7s;Tuesday_10:30_4/4/17;2;false
pkjfvyD3ggFmmrhpX;1491316705374;teacher begin talking;gHzWHZkDEzuw7gr7s;Tuesday_10:30_4/4/17;2;false
qNjG7zdby3eXRBjhZ;1491316714051;teacher end talking;gHzWHZkDEzuw7gr7s;Tuesday_10:30_4/4/17;2;false
DGvX9SmNLnmEsnPc2;1491316716690;teacher begin talking;gHzWHZkDEzuw7gr7s;Tuesday_10:30_4/4/17;2;false
La986vsjpfv8q6GFQ;1491316721875;teacher end talking;gHzWHZkDEzuw7gr7s;Tuesday_10:30_4/4/17;2;false
LNmwkQyYr8udymmPN;1491316728540;teacher begin talking;gHzWHZkDEzuw7gr7s;Tuesday_10:30_4/4/17;2;false
24JdrcKEboRuWMGGx;1491316732190;teacher end talking;gHzWHZkDEzuw7gr7s;Tuesday_10:30_4/4/17;2;false
QExH6WKtWidTkAzkn;1491316734661;teacher begin talking;gHzWHZkDEzuw7gr7s;Tuesday_10:30_4/4/17;2;false
8Rqa2Wh7shkhN3YTA;1491316742541;teacher end talking;gHzWHZkDEzuw7gr7s;Tuesday_10:30_4/4/17;2;false
CxHcSoZTYbYFtPwxd;1491316744759;teacher begin talking;gHzWHZkDEzuw7gr7s;Tuesday_10:30_4/4/17;2;false
uoH97bvwrRzu3PgWe;1491316748233;teacher end talking;gHzWHZkDEzuw7gr7s;Tuesday_10:30_4/4/17;2;false
Y2QmmEaybraaKexp7;1491316749613;teacher begin talking;gHzWHZkDEzuw7gr7s;Tuesday_10:30_4/4/17;2;false
nzbNQXHE4WpHxopZW;1491316750467;teacher end talking;gHzWHZkDEzuw7gr7s;Tuesday_10:30_4/4/17;2;false
t2kA43oNeaZauAJiE;1491316759665;teacher begin talking;gHzWHZkDEzuw7gr7s;Tuesday_10:30_4/4/17;2;false
9mrMjXaGoQptZdDbR;1491316760512;teacher end talking;gHzWHZkDEzuw7gr7s;Tuesday_10:30_4/4/17;2;false
g3C6R58gvZ2rifeae;1491316763200;teacher begin talking;gHzWHZkDEzuw7gr7s;Tuesday_10:30_4/4/17;2;false
uv9RwcNEdN7oCzBLo;1491316763653;teacher end talking;gHzWHZkDEzuw7gr7s;Tuesday_10:30_4/4/17;2;false
EfWJ6AxBifyX95DLH;1491316763905;student begin talking;gHzWHZkDEzuw7gr7s;Tuesday_10:30_4/4/17;2;false
MCxHk8p7G4GvQemP8;1491316766070;student end talking;gHzWHZkDEzuw7gr7s;Tuesday_10:30_4/4/17;2;false
jsAAP3FkCsGJfLdqs;1491316766655;student begin talking;gHzWHZkDEzuw7gr7s;Tuesday_10:30_4/4/17;2;false
bFD242k6LRGwP9rYQ;1491316768335;First time student talks;gHzWHZkDEzuw7gr7s;Tuesday_10:30_4/4/17;2;false
YtJgPWwNsjgunc5S5;1491316770222;student end talking;gHzWHZkDEzuw7gr7s;Tuesday_10:30_4/4/17;2;false
nedndBcLRzoNk7eNC;1491316771990;teacher begin talking;gHzWHZkDEzuw7gr7s;Tuesday_10:30_4/4/17;2;false
jGiXQby3u7zyqoLd2;1491316774966;teacher end talking;gHzWHZkDEzuw7gr7s;Tuesday_10:30_4/4/17;2;false
Lcpo5HcTdknBzsAdY;1491316775226;student begin talking;gHzWHZkDEzuw7gr7s;Tuesday_10:30_4/4/17;2;false
WSrKeXMd3ASHdc4vJ;1491316777989;student end talking;gHzWHZkDEzuw7gr7s;Tuesday_10:30_4/4/17;2;false
pmH8imMJtrs7FFq6T;1491316778239;teacher begin talking;gHzWHZkDEzuw7gr7s;Tuesday_10:30_4/4/17;2;false
vNqaAYNLKRf2hdpxn;1491316779876;student begin talking;gHzWHZkDEzuw7gr7s;Tuesday_10:30_4/4/17;2;false
6ecSMSEuPpYMKgNiy;1491316780134;teacher end talking;gHzWHZkDEzuw7gr7s;Tuesday_10:30_4/4/17;2;false
stk6XSkDRg9z87jDm;1491316783080;student end talking;gHzWHZkDEzuw7gr7s;Tuesday_10:30_4/4/17;2;false
eZ3y6nPaBJuhAbGX8;1491316783718;student begin talking;gHzWHZkDEzuw7gr7s;Tuesday_10:30_4/4/17;2;false
SDxCMkimEg3dqahqu;1491316785822;student end talking;gHzWHZkDEzuw7gr7s;Tuesday_10:30_4/4/17;2;false
YqcNwfFiDxm2pMAAg;1491316786074;teacher begin talking;gHzWHZkDEzuw7gr7s;Tuesday_10:30_4/4/17;2;false
CfYfgzrCuM6TrRy6z;1491316790205;teacher end talking;gHzWHZkDEzuw7gr7s;Tuesday_10:30_4/4/17;2;false
ZdDFTzuFMRDCBmHNs;1491316798133;teacher begin talking;gHzWHZkDEzuw7gr7s;Tuesday_10:30_4/4/17;2;false
NPesMGQMDyur652GK;1491316802701;teacher end talking;gHzWHZkDEzuw7gr7s;Tuesday_10:30_4/4/17;2;false
6XJPnGfsDS7yH8wND;1491316804457;teacher begin talking;gHzWHZkDEzuw7gr7s;Tuesday_10:30_4/4/17;2;false
BLMyv3834FvkTZ5Ps;1491316805273;teacher end talking;gHzWHZkDEzuw7gr7s;Tuesday_10:30_4/4/17;2;false
ZvjMTpvvzKHmKzT3R;1491316808909;teacher begin talking;gHzWHZkDEzuw7gr7s;Tuesday_10:30_4/4/17;2;false
ZLeQbjfECZKanSJcS;1491316812028;teacher end talking;gHzWHZkDEzuw7gr7s;Tuesday_10:30_4/4/17;2;false
prjEfuucBjGvcpu7i;1491316820191;teacher begin talking;gHzWHZkDEzuw7gr7s;Tuesday_10:30_4/4/17;2;false
FZH2qz6xYkxFD5cfW;1491316833381;teacher end talking;gHzWHZkDEzuw7gr7s;Tuesday_10:30_4/4/17;2;false
wRNzgdH76ETFGLnH9;1491316856776;teacher begin talking;gHzWHZkDEzuw7gr7s;Tuesday_10:30_4/4/17;2;false
kHaQh8oceCDbyRGce;1491316857074;teacher end talking;gHzWHZkDEzuw7gr7s;Tuesday_10:30_4/4/17;2;false
HbTR2zmYPz4Y7hfL5;1491316857350;student begin talking;gHzWHZkDEzuw7gr7s;Tuesday_10:30_4/4/17;2;false
gmgg84iXHBHZZsqrx;1491316857826;student end talking;gHzWHZkDEzuw7gr7s;Tuesday_10:30_4/4/17;2;false
TNxuBi8K6zEkjdMq4;1491316858111;teacher begin talking;gHzWHZkDEzuw7gr7s;Tuesday_10:30_4/4/17;2;false
262dpG4LXEsYNdaMF;1491316866586;teacher end talking;gHzWHZkDEzuw7gr7s;Tuesday_10:30_4/4/17;2;false
W9nWrPTkDQujjE42r;1491316871396;student begin talking;gHzWHZkDEzuw7gr7s;Tuesday_10:30_4/4/17;2;false
ANLyxm6ttRTRNLSGG;1491316871661;student end talking;gHzWHZkDEzuw7gr7s;Tuesday_10:30_4/4/17;2;false
phaXumguDbZSHRwie;1491316871665;teacher begin talking;gHzWHZkDEzuw7gr7s;Tuesday_10:30_4/4/17;2;false
etteCud3rKFjg5mxA;1491316893158;teacher end talking;gHzWHZkDEzuw7gr7s;Tuesday_10:30_4/4/17;2;false
u9BHJYAWZ85a5XaQm;1491316894959;teacher begin talking;gHzWHZkDEzuw7gr7s;Tuesday_10:30_4/4/17;2;false
tAstC87aMu8aPvDyq;1491316899489;student begin talking;gHzWHZkDEzuw7gr7s;Tuesday_10:30_4/4/17;2;false
MRMXL4j2q2fS63gCC;1491316899790;teacher end talking;gHzWHZkDEzuw7gr7s;Tuesday_10:30_4/4/17;2;false
RHqpWRS9etjSBpC8z;1491316904908;student end talking;gHzWHZkDEzuw7gr7s;Tuesday_10:30_4/4/17;2;false
XpEqHGwFJWWmqwmyN;1491316905173;teacher begin talking;gHzWHZkDEzuw7gr7s;Tuesday_10:30_4/4/17;2;false
TgBxoM98DTsqmdZEu;1491316927971;teacher end talking;gHzWHZkDEzuw7gr7s;Tuesday_10:30_4/4/17;2;false
XoKkmoBmzkJJWTuW8;1491316928241;student begin talking;gHzWHZkDEzuw7gr7s;Tuesday_10:30_4/4/17;2;false
pjHX8wuzGCik6i8bo;1491316932061;student end talking;gHzWHZkDEzuw7gr7s;Tuesday_10:30_4/4/17;2;false
o33nWRAa6emjqeQgh;1491316932330;teacher begin talking;gHzWHZkDEzuw7gr7s;Tuesday_10:30_4/4/17;2;false
B9cRux8cW7AML6hmm;1491316933293;teacher end talking;gHzWHZkDEzuw7gr7s;Tuesday_10:30_4/4/17;2;false
75e92FBpgH2v3BgRp;1491316935074;teacher begin talking;gHzWHZkDEzuw7gr7s;Tuesday_10:30_4/4/17;2;false
yiPFQK2y6kyTpfEHJ;1491316939586;teacher end talking;gHzWHZkDEzuw7gr7s;Tuesday_10:30_4/4/17;2;false
gGavXJA6vwoCo9R9e;1491316940868;student begin talking;gHzWHZkDEzuw7gr7s;Tuesday_10:30_4/4/17;2;false
y7Xb5JY7tpBk9z9ud;1491316944290;student end talking;gHzWHZkDEzuw7gr7s;Tuesday_10:30_4/4/17;2;false
dKPFQGokB39gSiwJi;1491316945260;teacher begin talking;gHzWHZkDEzuw7gr7s;Tuesday_10:30_4/4/17;2;false
7RpHLhzjLzq5BxT8L;1491316945787;teacher end talking;gHzWHZkDEzuw7gr7s;Tuesday_10:30_4/4/17;2;false
ioQhNoFr2dwa3bJ6w;1491316946045;student begin talking;gHzWHZkDEzuw7gr7s;Tuesday_10:30_4/4/17;2;false
QQtueWf2pSgRzXLpw;1491316951312;student end talking;gHzWHZkDEzuw7gr7s;Tuesday_10:30_4/4/17;2;false
5EyuHexKDsniH8ZSb;1491316952082;student begin talking;gHzWHZkDEzuw7gr7s;Tuesday_10:30_4/4/17;2;false
NmkAXx7GmREb4Ctso;1491316952614;teacher begin talking;gHzWHZkDEzuw7gr7s;Tuesday_10:30_4/4/17;2;false
vC2Wzi3ktHGWzoFpn;1491316952872;student end talking;gHzWHZkDEzuw7gr7s;Tuesday_10:30_4/4/17;2;false
r66j6P9HZt2TxMgC9;1491316953916;student begin talking;gHzWHZkDEzuw7gr7s;Tuesday_10:30_4/4/17;2;false
tmrmaGsqaFWWb29AB;1491316954170;teacher end talking;gHzWHZkDEzuw7gr7s;Tuesday_10:30_4/4/17;2;false
TEHi5YXoS4RtATuTX;1491316956040;teacher begin talking;gHzWHZkDEzuw7gr7s;Tuesday_10:30_4/4/17;2;false
6AxKjARQmcREvWwwp;1491316956297;student end talking;gHzWHZkDEzuw7gr7s;Tuesday_10:30_4/4/17;2;false
MsCpDD8XvBvEWhMkL;1491316956803;student begin talking;gHzWHZkDEzuw7gr7s;Tuesday_10:30_4/4/17;2;false
BETM3xn7sbdFhLbmN;1491316957062;teacher end talking;gHzWHZkDEzuw7gr7s;Tuesday_10:30_4/4/17;2;false
K5mjaFXtMqNQEsWnM;1491316958475;teacher begin talking;gHzWHZkDEzuw7gr7s;Tuesday_10:30_4/4/17;2;false
ob6pk86ZxqasQerzz;1491316958737;student end talking;gHzWHZkDEzuw7gr7s;Tuesday_10:30_4/4/17;2;false
8HNSgmLqN5Duw77Lv;1491316971006;teacher end talking;gHzWHZkDEzuw7gr7s;Tuesday_10:30_4/4/17;2;false
RxN4muoEkNipDkmJE;1491316971491;student begin talking;gHzWHZkDEzuw7gr7s;Tuesday_10:30_4/4/17;2;false
NaEg6vhxgBXtSbDCG;1491316972593;student end talking;gHzWHZkDEzuw7gr7s;Tuesday_10:30_4/4/17;2;false
XeaPFmwoQZTLLnhnP;1491316972857;teacher begin talking;gHzWHZkDEzuw7gr7s;Tuesday_10:30_4/4/17;2;false
Nc7v37epnkt6gLMPK;1491316977885;teacher end talking;gHzWHZkDEzuw7gr7s;Tuesday_10:30_4/4/17;2;false
tCF9FaoNc3Ea9JTFf;1491316979071;teacher begin talking;gHzWHZkDEzuw7gr7s;Tuesday_10:30_4/4/17;2;false
njo9h5sXBhToKf4NZ;1491316981637;teacher end talking;gHzWHZkDEzuw7gr7s;Tuesday_10:30_4/4/17;2;false
aYRhg6DgttdY8P2Cm;1491316996699;teacher begin talking;gHzWHZkDEzuw7gr7s;Tuesday_10:30_4/4/17;2;false
ZJTvwphmbms2bvxuJ;1491317002773;teacher end talking;gHzWHZkDEzuw7gr7s;Tuesday_10:30_4/4/17;2;false
8riF6gPiNBzrkoreS;1491317004128;teacher begin talking;gHzWHZkDEzuw7gr7s;Tuesday_10:30_4/4/17;2;false
zokPojt3Z68vv82Tm;1491317009667;teacher end talking;gHzWHZkDEzuw7gr7s;Tuesday_10:30_4/4/17;2;false
xn9fbyK2Cv49KBsgF;1491317009936;student begin talking;gHzWHZkDEzuw7gr7s;Tuesday_10:30_4/4/17;2;false
ojQZrNSn7G6d4brR9;1491317012186;student end talking;gHzWHZkDEzuw7gr7s;Tuesday_10:30_4/4/17;2;false
mpx4bMb97AWXWC554;1491317012456;teacher begin talking;gHzWHZkDEzuw7gr7s;Tuesday_10:30_4/4/17;2;false
YAAtNEnszP8zecQny;1491317037270;Meaningless TA Question;gHzWHZkDEzuw7gr7s;Tuesday_10:30_4/4/17;2;false
L4gytFcidoBABiqCx;1491317037579;teacher end talking;gHzWHZkDEzuw7gr7s;Tuesday_10:30_4/4/17;2;false
g5iKa35AEvMjXNsmk;1491317037887;teacher begin talking;gHzWHZkDEzuw7gr7s;Tuesday_10:30_4/4/17;2;false
zQEb2XZthv4Nv4JSL;1491317055309;teacher end talking;gHzWHZkDEzuw7gr7s;Tuesday_10:30_4/4/17;2;false
5ee7aQyNPNDM4cC7P;1491317056577;teacher begin talking;gHzWHZkDEzuw7gr7s;Tuesday_10:30_4/4/17;2;false
vLgjsE7n7wALesGZs;1491317062607;teacher end talking;gHzWHZkDEzuw7gr7s;Tuesday_10:30_4/4/17;2;false
i2PdZn69Jnfgqgh5T;1491317068532;teacher begin talking;gHzWHZkDEzuw7gr7s;Tuesday_10:30_4/4/17;2;false
tFpEqjK7zs7TSmwb9;1491317073806;Hand raised;gHzWHZkDEzuw7gr7s;Tuesday_10:30_4/4/17;2;false
K83kmzJtt8B4uPApS;1491317081095;teacher end talking;gHzWHZkDEzuw7gr7s;Tuesday_10:30_4/4/17;2;false
tSYLANEDaTSiCGp8P;1491317083083;teacher begin talking;gHzWHZkDEzuw7gr7s;Tuesday_10:30_4/4/17;2;false
CFnzEXo42XqTBK5GB;1491317088342;teacher end talking;gHzWHZkDEzuw7gr7s;Tuesday_10:30_4/4/17;2;false
ACM6aZpGSJfNLMxMf;1491317091023;teacher begin talking;gHzWHZkDEzuw7gr7s;Tuesday_10:30_4/4/17;2;false
hq7LEiwvv2HdnFDxZ;1491317093264;teacher end talking;gHzWHZkDEzuw7gr7s;Tuesday_10:30_4/4/17;2;false
Jzt9CorYqJeE2wRcg;1491317095751;teacher begin talking;gHzWHZkDEzuw7gr7s;Tuesday_10:30_4/4/17;2;false
7Piq7oxyrwnksC7Nv;1491317104242;teacher end talking;gHzWHZkDEzuw7gr7s;Tuesday_10:30_4/4/17;2;false
WbRzvshXSWdNqmGf2;1491317113609;student begin talking;gHzWHZkDEzuw7gr7s;Tuesday_10:30_4/4/17;2;false
t5AEDck9CDSiprojr;1491317113978;teacher begin talking;gHzWHZkDEzuw7gr7s;Tuesday_10:30_4/4/17;2;false
8acZmcgYqkaZtbDXP;1491317114265;student end talking;gHzWHZkDEzuw7gr7s;Tuesday_10:30_4/4/17;2;false
ThHzz6Sq8CkM7cpWn;1491317114547;student begin talking;gHzWHZkDEzuw7gr7s;Tuesday_10:30_4/4/17;2;false
N8xYzomogXbQTSZ2s;1491317114823;teacher end talking;gHzWHZkDEzuw7gr7s;Tuesday_10:30_4/4/17;2;false
xvQFgEQwh6uSXQPW4;1491317124406;teacher begin talking;gHzWHZkDEzuw7gr7s;Tuesday_10:30_4/4/17;2;false
pZa4WpNn7uDYGuEwN;1491317124684;student end talking;gHzWHZkDEzuw7gr7s;Tuesday_10:30_4/4/17;2;false
4fZGsTiqwQeLYc76p;1491317126193;student begin talking;gHzWHZkDEzuw7gr7s;Tuesday_10:30_4/4/17;2;false
YjxX6fy2bAr8zNdRL;1491317126461;teacher end talking;gHzWHZkDEzuw7gr7s;Tuesday_10:30_4/4/17;2;false
mNwTxqTA4ns464cpQ;1491317127641;teacher begin talking;gHzWHZkDEzuw7gr7s;Tuesday_10:30_4/4/17;2;false
msZiL5eWMP8pHd3CL;1491317127915;student end talking;gHzWHZkDEzuw7gr7s;Tuesday_10:30_4/4/17;2;false
WvQkXbRyRfffWyEQq;1491317133380;student begin talking;gHzWHZkDEzuw7gr7s;Tuesday_10:30_4/4/17;2;false
bp4LMPpq9f4HfWdho;1491317133655;student end talking;gHzWHZkDEzuw7gr7s;Tuesday_10:30_4/4/17;2;false
txRGx33rnfhBCHxQD;1491317182330;teacher end talking;gHzWHZkDEzuw7gr7s;Tuesday_10:30_4/4/17;2;false
7kpfzKJShquXj9ZXK;1491317193660;teacher begin talking;gHzWHZkDEzuw7gr7s;Tuesday_10:30_4/4/17;2;false
cy6AcQR5MJ9ft3s9v;1491317202094;teacher end talking;gHzWHZkDEzuw7gr7s;Tuesday_10:30_4/4/17;2;false
GMt3JMLAzcFiMuHqE;1491317227224;teacher begin talking;gHzWHZkDEzuw7gr7s;Tuesday_10:30_4/4/17;2;false
52obDddzpD69keRB2;1491317247451;Meaningless TA Question;gHzWHZkDEzuw7gr7s;Tuesday_10:30_4/4/17;2;false
pX2o3o3cdbH9i4Xtu;1491317247740;teacher end talking;gHzWHZkDEzuw7gr7s;Tuesday_10:30_4/4/17;2;false
LJbK9fMwNqaibpDQP;1491317247742;teacher begin talking;gHzWHZkDEzuw7gr7s;Tuesday_10:30_4/4/17;2;false
834DTPXifbQeSLjTZ;1491317248499;teacher end talking;gHzWHZkDEzuw7gr7s;Tuesday_10:30_4/4/17;2;false
6Fo69f7QBL3zhcHwu;1491317248845;teacher begin talking;gHzWHZkDEzuw7gr7s;Tuesday_10:30_4/4/17;2;false
j7HQcP8YjAcupJTeP;1491317259066;teacher end talking;gHzWHZkDEzuw7gr7s;Tuesday_10:30_4/4/17;2;false
mqqnkWZh83cfPKhLg;1491317259358;student begin talking;gHzWHZkDEzuw7gr7s;Tuesday_10:30_4/4/17;2;false
qYYGPEGH2zG5orG3G;1491317260849;Hand raised;gHzWHZkDEzuw7gr7s;Tuesday_10:30_4/4/17;2;false
fMgLntfaHDdtqiuKq;1491317262056;teacher begin talking;gHzWHZkDEzuw7gr7s;Tuesday_10:30_4/4/17;2;false
jCWjiGhSXiPPtLPjW;1491317262323;student end talking;gHzWHZkDEzuw7gr7s;Tuesday_10:30_4/4/17;2;false
2e2XZjBHbTmEdEtnt;1491317268297;teacher end talking;gHzWHZkDEzuw7gr7s;Tuesday_10:30_4/4/17;2;false
h73E8N9rhHkpD5P8r;1491317269768;student begin talking;gHzWHZkDEzuw7gr7s;Tuesday_10:30_4/4/17;2;false
34vfSHyRA6kLCkEHs;1491317271249;teacher begin talking;gHzWHZkDEzuw7gr7s;Tuesday_10:30_4/4/17;2;false
WHGHCHEnoCywanQRz;1491317271515;student end talking;gHzWHZkDEzuw7gr7s;Tuesday_10:30_4/4/17;2;false
gNRGJ5HeG7Txqrvak;1491317272450;First time student talks;gHzWHZkDEzuw7gr7s;Tuesday_10:30_4/4/17;2;false
tDbrEvhbFhXPhYx8o;1491317273974;teacher end talking;gHzWHZkDEzuw7gr7s;Tuesday_10:30_4/4/17;2;false
pWujTtCBxAesCNEh3;1491317274247;student begin talking;gHzWHZkDEzuw7gr7s;Tuesday_10:30_4/4/17;2;false
mSRFFCdHeFHYcD9wF;1491317274953;Hand raised;gHzWHZkDEzuw7gr7s;Tuesday_10:30_4/4/17;2;false
o6pgtLRPMTH2m2fAM;1491317275366;First time student talks;gHzWHZkDEzuw7gr7s;Tuesday_10:30_4/4/17;2;false
uw4obmCJSDJt3mtsg;1491317276253;student end talking;gHzWHZkDEzuw7gr7s;Tuesday_10:30_4/4/17;2;false
SgK4tkjLwJragcjyD;1491317276520;teacher begin talking;gHzWHZkDEzuw7gr7s;Tuesday_10:30_4/4/17;2;false
eRW5SXRHTkLnKRpJH;1491317277098;teacher end talking;gHzWHZkDEzuw7gr7s;Tuesday_10:30_4/4/17;2;false
gM4o4xrqXTHvrhm9v;1491317277368;student begin talking;gHzWHZkDEzuw7gr7s;Tuesday_10:30_4/4/17;2;false
pjY8tNv63HaLTgbq5;1491317278468;student end talking;gHzWHZkDEzuw7gr7s;Tuesday_10:30_4/4/17;2;false
o527it8fL4s7xiHye;1491317280896;teacher begin talking;gHzWHZkDEzuw7gr7s;Tuesday_10:30_4/4/17;2;false
oGACn8q9Knv8ueB2C;1491317281287;teacher end talking;gHzWHZkDEzuw7gr7s;Tuesday_10:30_4/4/17;2;false
tohWABLdZTDKQXszi;1491317281573;student begin talking;gHzWHZkDEzuw7gr7s;Tuesday_10:30_4/4/17;2;false
oC2xyy2igcHbq6NMm;1491317282541;student end talking;gHzWHZkDEzuw7gr7s;Tuesday_10:30_4/4/17;2;false
woHCzMH7HpKHuF3Ea;1491317282817;teacher begin talking;gHzWHZkDEzuw7gr7s;Tuesday_10:30_4/4/17;2;false
eFmRL7g9DDWdJn6xX;1491317297705;teacher end talking;gHzWHZkDEzuw7gr7s;Tuesday_10:30_4/4/17;2;false
wacKwedZdeezofh3W;1491317300646;teacher begin talking;gHzWHZkDEzuw7gr7s;Tuesday_10:30_4/4/17;2;false
gQrsKbPwBMjSkARGw;1491317306531;teacher end talking;gHzWHZkDEzuw7gr7s;Tuesday_10:30_4/4/17;2;false
WjgtDTp6xDwKs3id5;1491317323721;teacher begin talking;gHzWHZkDEzuw7gr7s;Tuesday_10:30_4/4/17;2;false
FB3nE75WNjpkf93qh;1491317335136;teacher end talking;gHzWHZkDEzuw7gr7s;Tuesday_10:30_4/4/17;2;false
r49mZq2RiyLH344km;1491317350444;teacher begin talking;gHzWHZkDEzuw7gr7s;Tuesday_10:30_4/4/17;2;false
3ZQCu7gPfQisvzEM4;1491317369223;teacher end talking;gHzWHZkDEzuw7gr7s;Tuesday_10:30_4/4/17;2;false
uYrBfk23pdFytgoRe;1491317373629;teacher begin talking;gHzWHZkDEzuw7gr7s;Tuesday_10:30_4/4/17;2;false
rsn8AiMZ4cvXCQYGs;1491317402302;Meaningless TA Question;gHzWHZkDEzuw7gr7s;Tuesday_10:30_4/4/17;2;false
JGf6tQQbgshWyguCC;1491317402656;teacher end talking;gHzWHZkDEzuw7gr7s;Tuesday_10:30_4/4/17;2;false
36pK23XTHiQK2Lw6w;1491317403388;teacher begin talking;gHzWHZkDEzuw7gr7s;Tuesday_10:30_4/4/17;2;false
9dPXtkY8JXone4YHY;1491317417276;teacher end talking;gHzWHZkDEzuw7gr7s;Tuesday_10:30_4/4/17;2;false
7kWuYogD8AmBXtFh5;1491317434076;teacher begin talking;gHzWHZkDEzuw7gr7s;Tuesday_10:30_4/4/17;2;false
9uT3s8zvxmiiCcCJ3;1491317459233;teacher end talking;gHzWHZkDEzuw7gr7s;Tuesday_10:30_4/4/17;2;false
7Abtw9utZ8zFZibpo;1491317495556;teacher begin talking;gHzWHZkDEzuw7gr7s;Tuesday_10:30_4/4/17;2;false
FcMC5YRNXwnpz29id;1491317496627;teacher end talking;gHzWHZkDEzuw7gr7s;Tuesday_10:30_4/4/17;2;false
5QkiCZiXW4eaznt63;1491317497674;teacher begin talking;gHzWHZkDEzuw7gr7s;Tuesday_10:30_4/4/17;2;false
tSyQ8epAyQXYApeBr;1491317499678;Meaningless TA Question;gHzWHZkDEzuw7gr7s;Tuesday_10:30_4/4/17;2;false
caophrr4azuvRJBZD;1491317499956;teacher end talking;gHzWHZkDEzuw7gr7s;Tuesday_10:30_4/4/17;2;false
XPLssTyMChd9kXZEE;1491317499960;teacher begin talking;gHzWHZkDEzuw7gr7s;Tuesday_10:30_4/4/17;2;false
xfFaHEjAZY6gQKXtv;1491317500393;teacher end talking;gHzWHZkDEzuw7gr7s;Tuesday_10:30_4/4/17;2;false
4kqbG38TDNgHCYBiF;1491317500894;teacher begin talking;gHzWHZkDEzuw7gr7s;Tuesday_10:30_4/4/17;2;false
Bd95NvAp98BBnfWcZ;1491317516740;teacher end talking;gHzWHZkDEzuw7gr7s;Tuesday_10:30_4/4/17;2;false
SrfwJhL8XhhMbSW3a;1491317517045;Not bad TA Question;gHzWHZkDEzuw7gr7s;Tuesday_10:30_4/4/17;2;false
6QnDZFNapSSnmdgWW;1491317517333;teacher begin talking;gHzWHZkDEzuw7gr7s;Tuesday_10:30_4/4/17;2;false
FDCxbtAdkHbsHTcpb;1491317523749;teacher end talking;gHzWHZkDEzuw7gr7s;Tuesday_10:30_4/4/17;2;false
Cy5rno6YAk9yyA895;1491317530160;teacher begin talking;gHzWHZkDEzuw7gr7s;Tuesday_10:30_4/4/17;2;false
ESqcPP7FHeNPckAAy;1491317532959;teacher end talking;gHzWHZkDEzuw7gr7s;Tuesday_10:30_4/4/17;2;false
Kemz4xqBEPr8GciHt;1491317545006;teacher begin talking;gHzWHZkDEzuw7gr7s;Tuesday_10:30_4/4/17;2;false
hzjybuRL6BPRfzkJp;1491317547293;Not bad TA Question;gHzWHZkDEzuw7gr7s;Tuesday_10:30_4/4/17;2;false
KbcdtCoZ5ugJqfcaW;1491317547778;teacher end talking;gHzWHZkDEzuw7gr7s;Tuesday_10:30_4/4/17;2;false
YQgpaMbnBLfBAuw4d;1491317548083;teacher begin talking;gHzWHZkDEzuw7gr7s;Tuesday_10:30_4/4/17;2;false
s64SpEs7CTXNP6bmv;1491317551013;student begin talking;gHzWHZkDEzuw7gr7s;Tuesday_10:30_4/4/17;2;false
FFZAqqBhFEYtFEx2j;1491317551318;teacher end talking;gHzWHZkDEzuw7gr7s;Tuesday_10:30_4/4/17;2;false
y4ADCu7jxu6C6jWP8;1491317553648;teacher begin talking;gHzWHZkDEzuw7gr7s;Tuesday_10:30_4/4/17;2;false
XjHxAggjrg2GCTWYS;1491317553938;student end talking;gHzWHZkDEzuw7gr7s;Tuesday_10:30_4/4/17;2;false
uvFMRECK6K8RnaSCX;1491317562539;teacher end talking;gHzWHZkDEzuw7gr7s;Tuesday_10:30_4/4/17;2;false
Kzwm7y8YHnkNvhmvS;1491317564620;teacher begin talking;gHzWHZkDEzuw7gr7s;Tuesday_10:30_4/4/17;2;false
nwSxpjYr8Hn62mzmn;1491317574714;teacher end talking;gHzWHZkDEzuw7gr7s;Tuesday_10:30_4/4/17;2;false
APLk976Xfmxfn27uX;1491317577986;teacher begin talking;gHzWHZkDEzuw7gr7s;Tuesday_10:30_4/4/17;2;false
4uqfnLq6sQZbK4b5v;1491317583961;teacher end talking;gHzWHZkDEzuw7gr7s;Tuesday_10:30_4/4/17;2;false
rveb6mLMeNR4z9JAe;1491317587946;teacher begin talking;gHzWHZkDEzuw7gr7s;Tuesday_10:30_4/4/17;2;false
PhrnCvZyMb2ztTzqN;1491317597660;teacher end talking;gHzWHZkDEzuw7gr7s;Tuesday_10:30_4/4/17;2;false
SF2ueaPDXpY36ZKwG;1491317599594;teacher begin talking;gHzWHZkDEzuw7gr7s;Tuesday_10:30_4/4/17;2;false
dp2fWB2k3SA7ATyry;1491317617407;teacher end talking;gHzWHZkDEzuw7gr7s;Tuesday_10:30_4/4/17;2;false
kRNYQnjCoXwo5WMAk;1491317619755;teacher begin talking;gHzWHZkDEzuw7gr7s;Tuesday_10:30_4/4/17;2;false
T48KpHiGq9KvseP6e;1491317629938;Hand raised;gHzWHZkDEzuw7gr7s;Tuesday_10:30_4/4/17;2;false
mkyqgMqN2DFjzA5RC;1491317630233;teacher end talking;gHzWHZkDEzuw7gr7s;Tuesday_10:30_4/4/17;2;false
DR9MZjb72GKDa5mQ6;1491317630233;student begin talking;gHzWHZkDEzuw7gr7s;Tuesday_10:30_4/4/17;2;false
a5XPG6Db3n9ehyyE2;1491317639417;student end talking;gHzWHZkDEzuw7gr7s;Tuesday_10:30_4/4/17;2;false
ojf3K34R9HsA29fEw;1491317639712;teacher begin talking;gHzWHZkDEzuw7gr7s;Tuesday_10:30_4/4/17;2;false
BoJ7WeFJmhWHz6dJr;1491317640133;student begin talking;gHzWHZkDEzuw7gr7s;Tuesday_10:30_4/4/17;2;false
EHQd3qWaMEq6KJsPY;1491317640427;teacher end talking;gHzWHZkDEzuw7gr7s;Tuesday_10:30_4/4/17;2;false
hQjeGTqufzAqwTuPo;1491317640934;teacher begin talking;gHzWHZkDEzuw7gr7s;Tuesday_10:30_4/4/17;2;false
Cd9ymbswBgncokZkB;1491317641219;student end talking;gHzWHZkDEzuw7gr7s;Tuesday_10:30_4/4/17;2;false
GJ8tTLdEfmnrS4pja;1491317651436;Meaningless TA Question;gHzWHZkDEzuw7gr7s;Tuesday_10:30_4/4/17;2;false
88bttaeBKrEH6Bj56;1491317651852;teacher end talking;gHzWHZkDEzuw7gr7s;Tuesday_10:30_4/4/17;2;false
vgY38z6HFiYkDLyXN;1491317652161;teacher begin talking;gHzWHZkDEzuw7gr7s;Tuesday_10:30_4/4/17;2;false
o4X4pDGMYicf9L35q;1491317661727;Meaningless TA Question;gHzWHZkDEzuw7gr7s;Tuesday_10:30_4/4/17;2;false
D8Zrp3tKqWAutgR7W;1491317662328;teacher end talking;gHzWHZkDEzuw7gr7s;Tuesday_10:30_4/4/17;2;false
w9oSAPQWogKzB9tfZ;1491317662650;teacher begin talking;gHzWHZkDEzuw7gr7s;Tuesday_10:30_4/4/17;2;false
osaQaGw5ETk4i95mh;1491317672763;teacher end talking;gHzWHZkDEzuw7gr7s;Tuesday_10:30_4/4/17;2;false
bAJBtJSesgvCNJLr4;1491317674242;teacher begin talking;gHzWHZkDEzuw7gr7s;Tuesday_10:30_4/4/17;2;false
7YxjDgah6QWkz4us4;1491317681838;teacher end talking;gHzWHZkDEzuw7gr7s;Tuesday_10:30_4/4/17;2;false
eNmwipKkuooLx2bJb;1491317683309;teacher begin talking;gHzWHZkDEzuw7gr7s;Tuesday_10:30_4/4/17;2;false
Qj5i3rYXeFvSfFuTn;1491317684595;teacher end talking;gHzWHZkDEzuw7gr7s;Tuesday_10:30_4/4/17;2;false
DwKyhaWowdJ3wFxEJ;1491317686745;teacher begin talking;gHzWHZkDEzuw7gr7s;Tuesday_10:30_4/4/17;2;false
o4p6p9KEqGF6BLxmw;1491317689463;teacher end talking;gHzWHZkDEzuw7gr7s;Tuesday_10:30_4/4/17;2;false
RqShewGTHKGxFG4cA;1491317692890;teacher begin talking;gHzWHZkDEzuw7gr7s;Tuesday_10:30_4/4/17;2;false
wiEGfdSroJQPwfz3o;1491317693385;teacher end talking;gHzWHZkDEzuw7gr7s;Tuesday_10:30_4/4/17;2;false
qSctLhv7YYyeECHpt;1491317696662;teacher begin talking;gHzWHZkDEzuw7gr7s;Tuesday_10:30_4/4/17;2;false
jrdemptD5CRX8Q9bb;1491317699257;teacher end talking;gHzWHZkDEzuw7gr7s;Tuesday_10:30_4/4/17;2;false
Nk2sCyZwwhXT8D9Jz;1491317706081;teacher begin talking;gHzWHZkDEzuw7gr7s;Tuesday_10:30_4/4/17;2;false
fNPsftbh3Q9TsyWH9;1491317706566;teacher end talking;gHzWHZkDEzuw7gr7s;Tuesday_10:30_4/4/17;2;false
L6ujYrQpKaGmmcYmm;1491317719249;teacher begin talking;gHzWHZkDEzuw7gr7s;Tuesday_10:30_4/4/17;2;false
ungKavAcF9avS68C3;1491317729059;teacher end talking;gHzWHZkDEzuw7gr7s;Tuesday_10:30_4/4/17;2;false
6gRJWijCCcD2q36FP;1491317747892;teacher begin talking;gHzWHZkDEzuw7gr7s;Tuesday_10:30_4/4/17;2;false
2euyiqcaf5gcjKayR;1491317760627;teacher end talking;gHzWHZkDEzuw7gr7s;Tuesday_10:30_4/4/17;2;false
EomYHbeSrisnWrF9M;1491317762417;student begin talking;gHzWHZkDEzuw7gr7s;Tuesday_10:30_4/4/17;2;false
NCKr8Bm7gBgh5Kbab;1491317763946;student end talking;gHzWHZkDEzuw7gr7s;Tuesday_10:30_4/4/17;2;false
4MQBP5eixqnDzw8r2;1491317764239;teacher begin talking;gHzWHZkDEzuw7gr7s;Tuesday_10:30_4/4/17;2;false
kTodstjohA33J6SdA;1491317768868;teacher end talking;gHzWHZkDEzuw7gr7s;Tuesday_10:30_4/4/17;2;false
Cn6tSXjuycNM3Cmbh;1491317770655;teacher begin talking;gHzWHZkDEzuw7gr7s;Tuesday_10:30_4/4/17;2;false
x6nKP9DBz5ePEoyEe;1491317777835;teacher end talking;gHzWHZkDEzuw7gr7s;Tuesday_10:30_4/4/17;2;false
Mbk6DsmdrntAyoiRk;1491317778140;student begin talking;gHzWHZkDEzuw7gr7s;Tuesday_10:30_4/4/17;2;false
NmGLEJuHdoCnytvk2;1491317780786;teacher begin talking;gHzWHZkDEzuw7gr7s;Tuesday_10:30_4/4/17;2;false
rbfqiwC4DG5eEuPAv;1491317781072;student end talking;gHzWHZkDEzuw7gr7s;Tuesday_10:30_4/4/17;2;false
3KXhckBrXCMhPJ2KT;1491317783120;teacher end talking;gHzWHZkDEzuw7gr7s;Tuesday_10:30_4/4/17;2;false
eZky9oMHRdBctXfq4;1491317783410;student begin talking;gHzWHZkDEzuw7gr7s;Tuesday_10:30_4/4/17;2;false
gHZrkiW9mdL6SFHxQ;1491317785223;Hand raised;gHzWHZkDEzuw7gr7s;Tuesday_10:30_4/4/17;2;false
xcDFRCd4av6kj6y49;1491317785776;teacher begin talking;gHzWHZkDEzuw7gr7s;Tuesday_10:30_4/4/17;2;false
M7w3JEgYT3ZwnZEoq;1491317786061;student end talking;gHzWHZkDEzuw7gr7s;Tuesday_10:30_4/4/17;2;false
bJn7zDLAQ3ML3iMuj;1491317795102;teacher end talking;gHzWHZkDEzuw7gr7s;Tuesday_10:30_4/4/17;2;false
PfoBRrkAwZksjLBsh;1491317796271;Not bad TA Question;gHzWHZkDEzuw7gr7s;Tuesday_10:30_4/4/17;2;false
atv9Jb5Kwj6JQRRZq;1491317799090;teacher begin talking;gHzWHZkDEzuw7gr7s;Tuesday_10:30_4/4/17;2;false
QsoisexnK3prTsXvp;1491317799622;student begin talking;gHzWHZkDEzuw7gr7s;Tuesday_10:30_4/4/17;2;false
xzKBJeQi3ybYJyFnE;1491317799904;teacher end talking;gHzWHZkDEzuw7gr7s;Tuesday_10:30_4/4/17;2;false
QyhpqpfHMJiCs5nNS;1491317801240;teacher begin talking;gHzWHZkDEzuw7gr7s;Tuesday_10:30_4/4/17;2;false
QfNmS8vfEpTRhg46y;1491317801526;student end talking;gHzWHZkDEzuw7gr7s;Tuesday_10:30_4/4/17;2;false
5MypLnKf4u52CFEqC;1491317802195;Not bad TA Question;gHzWHZkDEzuw7gr7s;Tuesday_10:30_4/4/17;2;false
xALntyXSMTkbxfF37;1491317803543;student begin talking;gHzWHZkDEzuw7gr7s;Tuesday_10:30_4/4/17;2;false
NLFvALv5xorE36kuw;1491317803833;teacher end talking;gHzWHZkDEzuw7gr7s;Tuesday_10:30_4/4/17;2;false
cez5HHa5Bcr5tzC4k;1491317806067;teacher begin talking;gHzWHZkDEzuw7gr7s;Tuesday_10:30_4/4/17;2;false
p4KcznETsMjJZoGtZ;1491317806350;student end talking;gHzWHZkDEzuw7gr7s;Tuesday_10:30_4/4/17;2;false
rc3cE8YEbtfWkuj52;1491317809637;Not bad TA Question;gHzWHZkDEzuw7gr7s;Tuesday_10:30_4/4/17;2;false
9GcbanFFsdFCkJzHk;1491317810923;teacher end talking;gHzWHZkDEzuw7gr7s;Tuesday_10:30_4/4/17;2;false
Sb8bSzMcuDbSAMi4a;1491317812715;student begin talking;gHzWHZkDEzuw7gr7s;Tuesday_10:30_4/4/17;2;false
HfAen9DyiyqYfz6Aw;1491317814713;student end talking;gHzWHZkDEzuw7gr7s;Tuesday_10:30_4/4/17;2;false
KZcjMHSQxCM9kgkbZ;1491317815002;teacher begin talking;gHzWHZkDEzuw7gr7s;Tuesday_10:30_4/4/17;2;false
sDQS6tSw8Rb3FzJXe;1491317816930;teacher end talking;gHzWHZkDEzuw7gr7s;Tuesday_10:30_4/4/17;2;false
c4dQzw5ngMSdqg5wd;1491317818947;teacher begin talking;gHzWHZkDEzuw7gr7s;Tuesday_10:30_4/4/17;2;false
s7zN7v8sdhQhdqswx;1491317822590;teacher end talking;gHzWHZkDEzuw7gr7s;Tuesday_10:30_4/4/17;2;false
ywoNez6cSDxx5KsTu;1491317822871;student begin talking;gHzWHZkDEzuw7gr7s;Tuesday_10:30_4/4/17;2;false
DKs7Hjv5GmM8voMNo;1491317826692;teacher begin talking;gHzWHZkDEzuw7gr7s;Tuesday_10:30_4/4/17;2;false
xpGnH6sqopDuQZkCL;1491317826969;student end talking;gHzWHZkDEzuw7gr7s;Tuesday_10:30_4/4/17;2;false
Bd3eXTHEKFTpht7Le;1491317827945;teacher end talking;gHzWHZkDEzuw7gr7s;Tuesday_10:30_4/4/17;2;false
Ycqmz8jDFyoiS4XNT;1491317828877;student begin talking;gHzWHZkDEzuw7gr7s;Tuesday_10:30_4/4/17;2;false
oNrhBXtjmARg95Sdw;1491317829916;student end talking;gHzWHZkDEzuw7gr7s;Tuesday_10:30_4/4/17;2;false
2r4obuyNLPxmxfWTr;1491317830200;teacher begin talking;gHzWHZkDEzuw7gr7s;Tuesday_10:30_4/4/17;2;false
RRdBK6vbxAytqofck;1491317839213;teacher end talking;gHzWHZkDEzuw7gr7s;Tuesday_10:30_4/4/17;2;false
NYSXRmkyS563gbxqu;1491317841215;teacher begin talking;gHzWHZkDEzuw7gr7s;Tuesday_10:30_4/4/17;2;false
CvQ9iuSbtjxLZ5qgm;1491317848803;teacher end talking;gHzWHZkDEzuw7gr7s;Tuesday_10:30_4/4/17;2;false
WPsvpAATabywW6WPk;1491317851260;teacher begin talking;gHzWHZkDEzuw7gr7s;Tuesday_10:30_4/4/17;2;false
ytgaCYiDbdqCxRS44;1491317868478;teacher end talking;gHzWHZkDEzuw7gr7s;Tuesday_10:30_4/4/17;2;false
CsG8GMgdRoekHcg3H;1491317868764;teacher begin talking;gHzWHZkDEzuw7gr7s;Tuesday_10:30_4/4/17;2;false
AJJ9oe29nG76o7pma;1491317888905;teacher end talking;gHzWHZkDEzuw7gr7s;Tuesday_10:30_4/4/17;2;false
AWmHHmLz7oNonFr28;1491317893278;teacher begin talking;gHzWHZkDEzuw7gr7s;Tuesday_10:30_4/4/17;2;false
CSGNoEy7g4uXvGPnN;1491317900919;teacher end talking;gHzWHZkDEzuw7gr7s;Tuesday_10:30_4/4/17;2;false
yRx8Pt6zGNgZvch3c;1491317903538;teacher begin talking;gHzWHZkDEzuw7gr7s;Tuesday_10:30_4/4/17;2;false
9gNHbD8r7xZdMm4sn;1491317906859;teacher end talking;gHzWHZkDEzuw7gr7s;Tuesday_10:30_4/4/17;2;false
FH3RkgFav5azoitwX;1491317908793;teacher begin talking;gHzWHZkDEzuw7gr7s;Tuesday_10:30_4/4/17;2;false
SJRyAEewnK44FBPfE;1491317917872;teacher end talking;gHzWHZkDEzuw7gr7s;Tuesday_10:30_4/4/17;2;false
cLrpFwJF6mjtEFaw2;1491317918174;student begin talking;gHzWHZkDEzuw7gr7s;Tuesday_10:30_4/4/17;2;false
8jX8WNPTEkyDKG278;1491317921129;teacher begin talking;gHzWHZkDEzuw7gr7s;Tuesday_10:30_4/4/17;2;false
eHt7gqk4CcuqMt8Cm;1491317921421;student end talking;gHzWHZkDEzuw7gr7s;Tuesday_10:30_4/4/17;2;false
9LsGM7syGkJEeTdtd;1491317923680;teacher end talking;gHzWHZkDEzuw7gr7s;Tuesday_10:30_4/4/17;2;false
A6m6xFdiyo7REf6Lt;1491317923970;student begin talking;gHzWHZkDEzuw7gr7s;Tuesday_10:30_4/4/17;2;false
hrET5krDFuivALMuE;1491317924262;teacher begin talking;gHzWHZkDEzuw7gr7s;Tuesday_10:30_4/4/17;2;false
256fa6bdKgRzWn66s;1491317924542;student end talking;gHzWHZkDEzuw7gr7s;Tuesday_10:30_4/4/17;2;false
oJmFPvPpZKvcQhANF;1491317938634;teacher end talking;gHzWHZkDEzuw7gr7s;Tuesday_10:30_4/4/17;2;false
k9An8ibsWoP6jCfid;1491317941016;teacher begin talking;gHzWHZkDEzuw7gr7s;Tuesday_10:30_4/4/17;2;false
ND3EzeWyK2NEnay6k;1491317944844;teacher end talking;gHzWHZkDEzuw7gr7s;Tuesday_10:30_4/4/17;2;false
s9nWzkvRFZkmqDnyS;1491317946647;teacher begin talking;gHzWHZkDEzuw7gr7s;Tuesday_10:30_4/4/17;2;false
iDqfpcfYxuqPmtPtF;1491317947039;teacher end talking;gHzWHZkDEzuw7gr7s;Tuesday_10:30_4/4/17;2;false
QoYvjkWnzSZ7PgHdq;1491317962101;teacher begin talking;gHzWHZkDEzuw7gr7s;Tuesday_10:30_4/4/17;2;false
at93G5vcKrayjed6K;1491317965752;teacher end talking;gHzWHZkDEzuw7gr7s;Tuesday_10:30_4/4/17;2;false
SD8CzKbTeX9gfucGC;1491317985319;teacher begin talking;gHzWHZkDEzuw7gr7s;Tuesday_10:30_4/4/17;2;false
EfFuZutpEh87ttHFH;1491317991944;teacher end talking;gHzWHZkDEzuw7gr7s;Tuesday_10:30_4/4/17;2;false
QoqY2EDL4zKFokYMK;1491317992241;teacher begin talking;gHzWHZkDEzuw7gr7s;Tuesday_10:30_4/4/17;2;false
TFvCmDQ4rLbYaoLJ3;1491317993283;Meaningless TA Question;gHzWHZkDEzuw7gr7s;Tuesday_10:30_4/4/17;2;false
eY7SK7c7osdoBvApY;1491317993730;teacher end talking;gHzWHZkDEzuw7gr7s;Tuesday_10:30_4/4/17;2;false
fhBGEYAKzCfbmq6kA;1491317994028;teacher begin talking;gHzWHZkDEzuw7gr7s;Tuesday_10:30_4/4/17;2;false
6hStgLrdzCumwCyve;1491318026479;teacher end talking;gHzWHZkDEzuw7gr7s;Tuesday_10:30_4/4/17;2;false
vh26DXhYtFMFtwPmx;1491318037006;teacher begin talking;gHzWHZkDEzuw7gr7s;Tuesday_10:30_4/4/17;2;false
GncNwAwAQKRpiz4vE;1491318048706;Meaningless TA Question;gHzWHZkDEzuw7gr7s;Tuesday_10:30_4/4/17;2;false
YCdpG8EtKankkXwRa;1491318049258;teacher end talking;gHzWHZkDEzuw7gr7s;Tuesday_10:30_4/4/17;2;false
yMmzuY4zFjF3tmQsk;1491318049583;teacher begin talking;gHzWHZkDEzuw7gr7s;Tuesday_10:30_4/4/17;2;false
KhpZ9PtWNu38FgXwB;1491318080422;teacher end talking;gHzWHZkDEzuw7gr7s;Tuesday_10:30_4/4/17;2;false
brgeyyRyySGthqXnt;1491318081825;teacher begin talking;gHzWHZkDEzuw7gr7s;Tuesday_10:30_4/4/17;2;false
RtLay69YTNNotDJoF;1491318096273;teacher end talking;gHzWHZkDEzuw7gr7s;Tuesday_10:30_4/4/17;2;false
jw8AFKGowwvmFCwdf;1491318098073;student begin talking;gHzWHZkDEzuw7gr7s;Tuesday_10:30_4/4/17;2;false
jXWCwXGDFqji79vbQ;1491318099008;teacher begin talking;gHzWHZkDEzuw7gr7s;Tuesday_10:30_4/4/17;2;false
iATaX9Lyv48cFEipt;1491318099298;student end talking;gHzWHZkDEzuw7gr7s;Tuesday_10:30_4/4/17;2;false
3yCiQ3YKs8GQedcBu;1491318110089;teacher end talking;gHzWHZkDEzuw7gr7s;Tuesday_10:30_4/4/17;2;false
N6ijSzzF7WkgiZLqK;1491318112440;teacher begin talking;gHzWHZkDEzuw7gr7s;Tuesday_10:30_4/4/17;2;false
t75a5HSfy3hREHN8r;1491318120656;Meaningless TA Question;gHzWHZkDEzuw7gr7s;Tuesday_10:30_4/4/17;2;false
hMtZWf6KWrGiTpmLb;1491318121219;teacher end talking;gHzWHZkDEzuw7gr7s;Tuesday_10:30_4/4/17;2;false
GS8pvn2sk5JwERXzD;1491318121544;teacher begin talking;gHzWHZkDEzuw7gr7s;Tuesday_10:30_4/4/17;2;false
sBvzJqgnS8Br68qyL;1491318149126;Meaningless TA Question;gHzWHZkDEzuw7gr7s;Tuesday_10:30_4/4/17;2;false
qeR8NnQkhGm7xuSqr;1491318149673;teacher end talking;gHzWHZkDEzuw7gr7s;Tuesday_10:30_4/4/17;2;false
gNefeAjWj5fB4Tkq4;1491318149982;teacher begin talking;gHzWHZkDEzuw7gr7s;Tuesday_10:30_4/4/17;2;false
ievLNPiSo7Q7rC7gL;1491318157954;teacher end talking;gHzWHZkDEzuw7gr7s;Tuesday_10:30_4/4/17;2;false
u7pmxw2y2EyC8Nu9D;1491318158267;student begin talking;gHzWHZkDEzuw7gr7s;Tuesday_10:30_4/4/17;2;false
ZL2EarN6KsKarqhGY;1491318160172;teacher begin talking;gHzWHZkDEzuw7gr7s;Tuesday_10:30_4/4/17;2;false
8y5fkwgLeh9C7DLeS;1491318160482;student end talking;gHzWHZkDEzuw7gr7s;Tuesday_10:30_4/4/17;2;false
HvdrSzCWWb6y46tvY;1491318161990;teacher end talking;gHzWHZkDEzuw7gr7s;Tuesday_10:30_4/4/17;2;false
CwJvNMQuXmk26fpPS;1491318162928;teacher begin talking;gHzWHZkDEzuw7gr7s;Tuesday_10:30_4/4/17;2;false
7fc2ZBSH8w3sYEHjH;1491318171001;teacher end talking;gHzWHZkDEzuw7gr7s;Tuesday_10:30_4/4/17;2;false
H2kieoWon4q9Lbyqh;1491318174326;teacher begin talking;gHzWHZkDEzuw7gr7s;Tuesday_10:30_4/4/17;2;false
XBjNnMS6NYavn2vG5;1491318174623;teacher end talking;gHzWHZkDEzuw7gr7s;Tuesday_10:30_4/4/17;2;false
hyZGuHof6mHihALop;1491318174917;student begin talking;gHzWHZkDEzuw7gr7s;Tuesday_10:30_4/4/17;2;false
qH8AfbKafWpByCqs7;1491318179232;student end talking;gHzWHZkDEzuw7gr7s;Tuesday_10:30_4/4/17;2;false
Pm8k55QK3dGe5p2dX;1491318179996;teacher begin talking;gHzWHZkDEzuw7gr7s;Tuesday_10:30_4/4/17;2;false
pnEoBbHgKSYbSDQGc;1491318184687;teacher end talking;gHzWHZkDEzuw7gr7s;Tuesday_10:30_4/4/17;2;false
SYSN8j234ohJR8M65;1491318200375;teacher begin talking;gHzWHZkDEzuw7gr7s;Tuesday_10:30_4/4/17;2;false
78Kp6eadX4BNsbPDC;1491318213875;teacher end talking;gHzWHZkDEzuw7gr7s;Tuesday_10:30_4/4/17;2;false
DEmXvAt6z7Aqqvu7w;1491318215734;teacher begin talking;gHzWHZkDEzuw7gr7s;Tuesday_10:30_4/4/17;2;false
KRfWtaBjbcXuXu9Lr;1491318216383;teacher end talking;gHzWHZkDEzuw7gr7s;Tuesday_10:30_4/4/17;2;false
zuribtr7y9h5G5SCZ;1491318219888;teacher begin talking;gHzWHZkDEzuw7gr7s;Tuesday_10:30_4/4/17;2;false
SEZjdqzqdKd5GgWHQ;1491318223710;teacher end talking;gHzWHZkDEzuw7gr7s;Tuesday_10:30_4/4/17;2;false
o7R8M2mHr2DK4xqPH;1491318224774;teacher begin talking;gHzWHZkDEzuw7gr7s;Tuesday_10:30_4/4/17;2;false
5i3ksuwx8YSFcRLaF;1491318251143;teacher end talking;gHzWHZkDEzuw7gr7s;Tuesday_10:30_4/4/17;2;false
bcd92JbrkdRopuptR;1491318251927;teacher begin talking;gHzWHZkDEzuw7gr7s;Tuesday_10:30_4/4/17;2;false
qbsTu4cNrFsK2hQyu;1491318259904;teacher end talking;gHzWHZkDEzuw7gr7s;Tuesday_10:30_4/4/17;2;false
uBrRDKEwn2E6ayX4T;1491318275809;teacher begin talking;gHzWHZkDEzuw7gr7s;Tuesday_10:30_4/4/17;2;false
qRZMCcbTdfjZzo74a;1491318278228;teacher end talking;gHzWHZkDEzuw7gr7s;Tuesday_10:30_4/4/17;2;false
n43ymvyTwJzc8KW35;1491318297224;teacher begin talking;gHzWHZkDEzuw7gr7s;Tuesday_10:30_4/4/17;2;false
7BtdbBYyY3chDcyov;1491318308307;Hand raised;gHzWHZkDEzuw7gr7s;Tuesday_10:30_4/4/17;2;false
scjpXt3ynHzroZJcS;1491318309271;teacher end talking;gHzWHZkDEzuw7gr7s;Tuesday_10:30_4/4/17;2;false
XfaAQ89mii7NKhLX6;1491318309565;student begin talking;gHzWHZkDEzuw7gr7s;Tuesday_10:30_4/4/17;2;false
CHCmKNCPg7tDEtdXz;1491318322609;teacher begin talking;gHzWHZkDEzuw7gr7s;Tuesday_10:30_4/4/17;2;false
KMKmMX5eB8FnuHW2A;1491318322910;student end talking;gHzWHZkDEzuw7gr7s;Tuesday_10:30_4/4/17;2;false
YcGnokmJppNpqrT6z;1491318323610;student begin talking;gHzWHZkDEzuw7gr7s;Tuesday_10:30_4/4/17;2;false
grfCzFsHX9reBFiZR;1491318323910;teacher end talking;gHzWHZkDEzuw7gr7s;Tuesday_10:30_4/4/17;2;false
vyaNpWos598dF34tW;1491318324891;teacher begin talking;gHzWHZkDEzuw7gr7s;Tuesday_10:30_4/4/17;2;false
Bw4PMcxyPNTMe5fY3;1491318325193;student end talking;gHzWHZkDEzuw7gr7s;Tuesday_10:30_4/4/17;2;false
7eD7rwST2WcCPtMNP;1491318330736;student begin talking;gHzWHZkDEzuw7gr7s;Tuesday_10:30_4/4/17;2;false
mr9NAfcSXF5ACdm7c;1491318331020;teacher end talking;gHzWHZkDEzuw7gr7s;Tuesday_10:30_4/4/17;2;false
ftNeqbL3Bb8wdAocH;1491318334803;teacher begin talking;gHzWHZkDEzuw7gr7s;Tuesday_10:30_4/4/17;2;false
crvt4QwgoSt5DjDvK;1491318335085;student end talking;gHzWHZkDEzuw7gr7s;Tuesday_10:30_4/4/17;2;false
oe6dmcH8XhuKyEMXo;1491318335742;student begin talking;gHzWHZkDEzuw7gr7s;Tuesday_10:30_4/4/17;2;false
dJs79kD2aHLkS58pf;1491318336038;teacher end talking;gHzWHZkDEzuw7gr7s;Tuesday_10:30_4/4/17;2;false
pJokiksukxAed2we4;1491318339795;teacher begin talking;gHzWHZkDEzuw7gr7s;Tuesday_10:30_4/4/17;2;false
yg5bMfCwoHbr73Qvs;1491318340073;student end talking;gHzWHZkDEzuw7gr7s;Tuesday_10:30_4/4/17;2;false
JhrDvw7ciNRj2vL6c;1491318352227;teacher end talking;gHzWHZkDEzuw7gr7s;Tuesday_10:30_4/4/17;2;false
FcEXLhj5aCGZcqtSX;1491318365184;teacher begin talking;gHzWHZkDEzuw7gr7s;Tuesday_10:30_4/4/17;2;false
jFgJTXWyafj2Zpz3R;1491318413438;teacher end talking;gHzWHZkDEzuw7gr7s;Tuesday_10:30_4/4/17;2;false
TokMHMu63BTnbQBZK;1491318417974;teacher begin talking;gHzWHZkDEzuw7gr7s;Tuesday_10:30_4/4/17;2;false
h6YrQAvgCdxCF5MzH;1491318420793;teacher end talking;gHzWHZkDEzuw7gr7s;Tuesday_10:30_4/4/17;2;false
2dAJp5vNdkj7qWneK;1491318422226;student begin talking;gHzWHZkDEzuw7gr7s;Tuesday_10:30_4/4/17;2;false
AzJDfQZZ67rXAMn4r;1491318428635;student end talking;gHzWHZkDEzuw7gr7s;Tuesday_10:30_4/4/17;2;false
FZajmQde4uyCDmWJv;1491318430453;teacher begin talking;gHzWHZkDEzuw7gr7s;Tuesday_10:30_4/4/17;2;false
W3X3ubQe7HZ3JzoBu;1491318447381;teacher end talking;gHzWHZkDEzuw7gr7s;Tuesday_10:30_4/4/17;2;false
jFxdbwiGH3qioHnA7;1491318447694;student begin talking;gHzWHZkDEzuw7gr7s;Tuesday_10:30_4/4/17;2;false
sD9AJLLfuDDzTWxEE;1491318448618;First time student talks;gHzWHZkDEzuw7gr7s;Tuesday_10:30_4/4/17;2;false
H6Hr7a2aB2SNwrbQt;1491318453408;teacher begin talking;gHzWHZkDEzuw7gr7s;Tuesday_10:30_4/4/17;2;false
NSD2XgZFvcuiJBXgo;1491318453725;student end talking;gHzWHZkDEzuw7gr7s;Tuesday_10:30_4/4/17;2;false
4oCkxQLz2fbk9qabN;1491318455810;teacher end talking;gHzWHZkDEzuw7gr7s;Tuesday_10:30_4/4/17;2;false
5GHGsQEzRdkpS7LSa;1491318456774;teacher begin talking;gHzWHZkDEzuw7gr7s;Tuesday_10:30_4/4/17;2;false
kwiisTTSNfuoLZJMJ;1491318469082;teacher end talking;gHzWHZkDEzuw7gr7s;Tuesday_10:30_4/4/17;2;false
fwnG4L2iWvte89nK5;1491318482610;teacher begin talking;gHzWHZkDEzuw7gr7s;Tuesday_10:30_4/4/17;2;false
5FD9FFNZezMYbAkiK;1491318523189;teacher end talking;gHzWHZkDEzuw7gr7s;Tuesday_10:30_4/4/17;2;false
M9NDbm6amHL9obkTh;1491318523688;teacher begin talking;gHzWHZkDEzuw7gr7s;Tuesday_10:30_4/4/17;2;false
3xatFNmqdQJhSB2KE;1491318536607;teacher end talking;gHzWHZkDEzuw7gr7s;Tuesday_10:30_4/4/17;2;false
Q8tuxi9GGRqhrSAN3;1491318539411;teacher begin talking;gHzWHZkDEzuw7gr7s;Tuesday_10:30_4/4/17;2;false
ee7NWALkgnkct4JoT;1491318541651;teacher end talking;gHzWHZkDEzuw7gr7s;Tuesday_10:30_4/4/17;2;false
oh2W33cy2vWJKrRF2;1491318545873;teacher begin talking;gHzWHZkDEzuw7gr7s;Tuesday_10:30_4/4/17;2;false
Z9iwzFm3JwmzqYmyf;1491318571423;teacher end talking;gHzWHZkDEzuw7gr7s;Tuesday_10:30_4/4/17;2;false
Lsu43CYhtu8iDk7wx;1491318573657;teacher begin talking;gHzWHZkDEzuw7gr7s;Tuesday_10:30_4/4/17;2;false
6MF8Xm5ZL8QFPyEby;1491318585913;teacher end talking;gHzWHZkDEzuw7gr7s;Tuesday_10:30_4/4/17;2;false
j5hepBrTNk4D4qX7Y;1491318587411;teacher begin talking;gHzWHZkDEzuw7gr7s;Tuesday_10:30_4/4/17;2;false
dmhGicipdgCsPJ24v;1491318632968;Meaningless TA Question;gHzWHZkDEzuw7gr7s;Tuesday_10:30_4/4/17;2;false
RJrXZqLurmrprfvnH;1491318633391;teacher end talking;gHzWHZkDEzuw7gr7s;Tuesday_10:30_4/4/17;2;false
HMmust8dgQJn5TJT9;1491318633718;teacher begin talking;gHzWHZkDEzuw7gr7s;Tuesday_10:30_4/4/17;2;false
huAMh23vefmyKkXMp;1491318642337;teacher end talking;gHzWHZkDEzuw7gr7s;Tuesday_10:30_4/4/17;2;false
wtyAqjmuTpeGR8YsN;1491318643270;teacher begin talking;gHzWHZkDEzuw7gr7s;Tuesday_10:30_4/4/17;2;false
GwiK93azWRt8LNFaF;1491318669891;teacher end talking;gHzWHZkDEzuw7gr7s;Tuesday_10:30_4/4/17;2;false
bmJkQg7cGYLEQf5GN;1491318672346;teacher begin talking;gHzWHZkDEzuw7gr7s;Tuesday_10:30_4/4/17;2;false
LW2pHJukRzdLQofdz;1491318684620;teacher end talking;gHzWHZkDEzuw7gr7s;Tuesday_10:30_4/4/17;2;false
o5g6x4a9LWTLMNz32;1491318694432;teacher begin talking;gHzWHZkDEzuw7gr7s;Tuesday_10:30_4/4/17;2;false
gf3S27wEnJYNQFTaK;1491318702381;teacher end talking;gHzWHZkDEzuw7gr7s;Tuesday_10:30_4/4/17;2;false
QWyuetuk7EqY9ACo9;1491318704446;teacher begin talking;gHzWHZkDEzuw7gr7s;Tuesday_10:30_4/4/17;2;false
PKDCDehdDTibrkmbo;1491318705649;teacher end talking;gHzWHZkDEzuw7gr7s;Tuesday_10:30_4/4/17;2;false
cpS5czT9EjRsXsXAq;1491318707465;teacher begin talking;gHzWHZkDEzuw7gr7s;Tuesday_10:30_4/4/17;2;false
WAe9Z9BfSbM5xzpyy;1491318711195;teacher end talking;gHzWHZkDEzuw7gr7s;Tuesday_10:30_4/4/17;2;false
FRWWyKp4JawtdJk4f;1491318723449;teacher begin talking;gHzWHZkDEzuw7gr7s;Tuesday_10:30_4/4/17;2;false
TSTBPvnciES8hm8Ta;1491318749600;teacher end talking;gHzWHZkDEzuw7gr7s;Tuesday_10:30_4/4/17;2;false
KrBJxFxqdoMQsQakE;1491318750184;teacher begin talking;gHzWHZkDEzuw7gr7s;Tuesday_10:30_4/4/17;2;false
QvM23pYDy8hAsocFq;1491318750513;teacher end talking;gHzWHZkDEzuw7gr7s;Tuesday_10:30_4/4/17;2;false
K3RvgP8zDgDKseZ8B;1491318758442;teacher begin talking;gHzWHZkDEzuw7gr7s;Tuesday_10:30_4/4/17;2;false
aEZghENZPhnvWjANH;1491318762045;teacher end talking;gHzWHZkDEzuw7gr7s;Tuesday_10:30_4/4/17;2;false
KQbSyw8NTahkXzHaK;1491318774275;teacher begin talking;gHzWHZkDEzuw7gr7s;Tuesday_10:30_4/4/17;2;false
HY4Zs5XQLWaDPDsdW;1491318818122;Not bad TA Question;gHzWHZkDEzuw7gr7s;Tuesday_10:30_4/4/17;2;false
A2u54AdnH5Gp3vYiH;1491318818720;teacher end talking;gHzWHZkDEzuw7gr7s;Tuesday_10:30_4/4/17;2;false
ijfvKf7eB5P3yaAFq;1491318819043;student begin talking;gHzWHZkDEzuw7gr7s;Tuesday_10:30_4/4/17;2;false
meSutnAoaXn6qZNpK;1491318819674;Hand raised;gHzWHZkDEzuw7gr7s;Tuesday_10:30_4/4/17;2;false
DSqkPpQJutS3wv53C;1491318819991;teacher begin talking;gHzWHZkDEzuw7gr7s;Tuesday_10:30_4/4/17;2;false
ZggnRNswStwAgSWp3;1491318819991;student end talking;gHzWHZkDEzuw7gr7s;Tuesday_10:30_4/4/17;2;false
sWfrXbTkoMk8cgQnM;1491318820802;student begin talking;gHzWHZkDEzuw7gr7s;Tuesday_10:30_4/4/17;2;false
jX9PBeC3tPdMLhFz2;1491318821133;teacher end talking;gHzWHZkDEzuw7gr7s;Tuesday_10:30_4/4/17;2;false
EiYZCaE4FzkYYMYSg;1491318825293;teacher begin talking;gHzWHZkDEzuw7gr7s;Tuesday_10:30_4/4/17;2;false
89JGuXJ6eZx6LSGX6;1491318825623;student end talking;gHzWHZkDEzuw7gr7s;Tuesday_10:30_4/4/17;2;false
fEPGMeEi6cjh9tsQR;1491318826932;student begin talking;gHzWHZkDEzuw7gr7s;Tuesday_10:30_4/4/17;2;false
J3R7A8NyBeocHMbQq;1491318827237;teacher end talking;gHzWHZkDEzuw7gr7s;Tuesday_10:30_4/4/17;2;false
pXLejPytrR3vg4dr5;1491318827996;teacher begin talking;gHzWHZkDEzuw7gr7s;Tuesday_10:30_4/4/17;2;false
uHyzpXLhfanFXag37;1491318828306;student end talking;gHzWHZkDEzuw7gr7s;Tuesday_10:30_4/4/17;2;false
fprGb3iYjmgtSpaYw;1491318829482;student begin talking;gHzWHZkDEzuw7gr7s;Tuesday_10:30_4/4/17;2;false
CrmE6GvCFrqAfhscJ;1491318829796;teacher end talking;gHzWHZkDEzuw7gr7s;Tuesday_10:30_4/4/17;2;false
5GSZhkLxNF3YWB2DZ;1491318831417;teacher begin talking;gHzWHZkDEzuw7gr7s;Tuesday_10:30_4/4/17;2;false
GN7oiTDWeRtNb3wPn;1491318831734;student end talking;gHzWHZkDEzuw7gr7s;Tuesday_10:30_4/4/17;2;false
vmdg24o6zo3qPa6Mi;1491318832492;student begin talking;gHzWHZkDEzuw7gr7s;Tuesday_10:30_4/4/17;2;false
3vuvkCHXJFiwtX5WN;1491318832801;teacher end talking;gHzWHZkDEzuw7gr7s;Tuesday_10:30_4/4/17;2;false
SBr5yR4AJ89rg3jbZ;1491318835167;teacher begin talking;gHzWHZkDEzuw7gr7s;Tuesday_10:30_4/4/17;2;false
6j8y4a4u7Nc4ksfET;1491318835471;student end talking;gHzWHZkDEzuw7gr7s;Tuesday_10:30_4/4/17;2;false
uPDY59Gz8Kddqq6u4;1491318845261;teacher end talking;gHzWHZkDEzuw7gr7s;Tuesday_10:30_4/4/17;2;false
hGCv6pwCb7DeL3KxA;1491318846531;teacher begin talking;gHzWHZkDEzuw7gr7s;Tuesday_10:30_4/4/17;2;false
2f8HAmnbuhQ5bBMtr;1491318852292;teacher end talking;gHzWHZkDEzuw7gr7s;Tuesday_10:30_4/4/17;2;false
bmAxJqX4Ehke5qr4h;1491318854111;teacher begin talking;gHzWHZkDEzuw7gr7s;Tuesday_10:30_4/4/17;2;false
tgdZnMhCndBwWHgSh;1491318865410;teacher end talking;gHzWHZkDEzuw7gr7s;Tuesday_10:30_4/4/17;2;false
YumyXqFuGyqvFmZMN;1491318866590;teacher begin talking;gHzWHZkDEzuw7gr7s;Tuesday_10:30_4/4/17;2;false
en67B9sjZtQ43kQ8s;1491318878842;teacher end talking;gHzWHZkDEzuw7gr7s;Tuesday_10:30_4/4/17;2;false
xnvup32oShsWdkZ3o;1491318880664;teacher begin talking;gHzWHZkDEzuw7gr7s;Tuesday_10:30_4/4/17;2;false
ZPfzcojH5LA8eecMA;1491318914508;teacher end talking;gHzWHZkDEzuw7gr7s;Tuesday_10:30_4/4/17;2;false
hFGzzw5qckyY96XMi;1491318915108;teacher begin talking;gHzWHZkDEzuw7gr7s;Tuesday_10:30_4/4/17;2;false
iwpqeK7vWzQWpZXx6;1491318923249;teacher end talking;gHzWHZkDEzuw7gr7s;Tuesday_10:30_4/4/17;2;false
ETppnvQNbvhffbbBW;1491318927117;teacher begin talking;gHzWHZkDEzuw7gr7s;Tuesday_10:30_4/4/17;2;false
vT69zHRqpFJKK9Hov;1491318952860;teacher end talking;gHzWHZkDEzuw7gr7s;Tuesday_10:30_4/4/17;2;false
NCkbbFRDZHKkZeYYi;1491318958937;teacher begin talking;gHzWHZkDEzuw7gr7s;Tuesday_10:30_4/4/17;2;false
FrRrJe3QPksEa3Auq;1491318966333;teacher end talking;gHzWHZkDEzuw7gr7s;Tuesday_10:30_4/4/17;2;false
8BeF7csRcAhpzswXj;1491318968534;teacher begin talking;gHzWHZkDEzuw7gr7s;Tuesday_10:30_4/4/17;2;false
mTBT9kJhWRvFqWzoJ;1491318984556;Hand raised;gHzWHZkDEzuw7gr7s;Tuesday_10:30_4/4/17;2;false
nQFdToYLfCWt9NaHm;1491318984889;student begin talking;gHzWHZkDEzuw7gr7s;Tuesday_10:30_4/4/17;2;false
JER5LD75uMDH4RQd8;1491318984889;teacher end talking;gHzWHZkDEzuw7gr7s;Tuesday_10:30_4/4/17;2;false
CKxzjxq5i49xtBz8B;1491318987856;teacher begin talking;gHzWHZkDEzuw7gr7s;Tuesday_10:30_4/4/17;2;false
ruQP8ELbFpsdrHuD9;1491318988177;student end talking;gHzWHZkDEzuw7gr7s;Tuesday_10:30_4/4/17;2;false
c59yPjaym2sYeoY4Y;1491318997135;teacher end talking;gHzWHZkDEzuw7gr7s;Tuesday_10:30_4/4/17;2;false
eSFZPtSpRYnNsgmc3;1491318997900;teacher begin talking;gHzWHZkDEzuw7gr7s;Tuesday_10:30_4/4/17;2;false
qWXHtfXGeS9jJc8sh;1491319000419;teacher end talking;gHzWHZkDEzuw7gr7s;Tuesday_10:30_4/4/17;2;false
geJPsP6cCMjkToN3G;1491319002271;teacher begin talking;gHzWHZkDEzuw7gr7s;Tuesday_10:30_4/4/17;2;false
Dhk5jy7Zt2cYcAYFf;1491319041778;teacher end talking;gHzWHZkDEzuw7gr7s;Tuesday_10:30_4/4/17;2;false
wq4npm732LARPmEQx;1491319042163;teacher begin talking;gHzWHZkDEzuw7gr7s;Tuesday_10:30_4/4/17;2;false
QzxsKtK7d5jXC9xyL;1491319073917;teacher end talking;gHzWHZkDEzuw7gr7s;Tuesday_10:30_4/4/17;2;false
